track_id,title,artist,genre,year,primary_theme_pool,vader_sentiment,arousal,theme_1,theme_2,theme_3,theme_4,lyric_snippet,timbre,chroma_key,duration_sec,popularity,bpm,energy,valence,brightness,spectral_centroid_hz,spectral_rolloff_hz,spectral_flux,rms_energy,zero_crossing_rate,tempo_confidence,mfcc_1,mfcc_2,mfcc_3,mfcc_4,mfcc_5,mfcc_6,mfcc_7,mfcc_8,mfcc_9,mfcc_10,mfcc_11,mfcc_12,mfcc_13,chroma_c,chroma_cs,chroma_d,chroma_ds,chroma_e,chroma_f,chroma_fs,chroma_g,chroma_gs,chroma_a,chroma_as,chroma_b,genre_encoded,timbre_encoded,chroma_key_encoded,primary_theme_pool_encoded
demo-0001,Midnight 1,Demo Artist 1,pop,1995,loss_longing,0.11680127150076036,0.4466021452350483,loss_longing,self_identity,none,none,A demo lyric about loss longing.,warm,C,163,75,59.39171849076931,38.656604957053176,0.11680127150076036,0.19582563945101455,915.3408483800742,2143.076333378155,0.49747982637435667,0.34391385319185275,0.11758795949725658,0.8777791935428949,0.06603069756121605,1.1272412069680329,0.4675093422520456,-0.8592924628832382,0.36875078408249884,-0.9588826008289989,0.8784503013072725,-0.049925910986252896,-0.18486236354526056,-0.6809295444039414,1.2225413386740303,-0.15452948206880215,-0.4283278221631072,0.07119680352747704,0.07738178265019223,0.013157087992340152,0.030663270078767662,0.11698436993518553,0.06634781207386606,0.21580042205627592,0.12093952465484205,0.04061470181884225,0.07870789260013483,0.10951389310244283,0.05869243950963349,5,4,3,3
demo-0002,Golden 2,Demo Artist 2,rock,1996,anxiety_darkness,0.7340415027447009,0.36122864579047276,anxiety_darkness,romance_new,none,none,A demo lyric about anxiety darkness.,bright,C#,300,54,87.34523414644156,30.918122276449665,0.7340415027447009,0.3067592234169044,1137.8593587680064,2541.003445645331,0.532803289509352,0.35275266166190616,0.11447191097549364,0.8678913563071895,0.36757906948889146,0.5891193986899841,0.9312882258385404,-1.1571558198556664,-0.019671216357301347,-0.17037265429279552,-0.33887784824334194,0.024857748773316257,1.794941311234396,-0.5658311156932432,1.2682783545914809,-1.3828697716158047,-0.03488502998577486,0.1777384488117007,0.1387769599325157,0.08803914095544592,0.04999113301146369,0.003750536515328978,0.08070836134446191,0.05242595092726207,0.12722636106924923,0.1711020359486606,0.028016570991708685,0.0041974571257574885,0.07802704336644502,7,1,4,0
demo-0003,Electric 3,Demo Artist 3,hip-hop,1997,social,0.7052388283254214,0.45291087662154506,social,bittersweet,none,none,A demo lyric about social.,dark,D,230,82,96.00472315173869,48.70910883284678,0.7052388283254214,0.3952522768223809,1374.8130285068894,2720.8533306080026,0.4455419230152392,0.46800419362855133,0.09608320708821921,0.8486972480785582,0.1305976597972761,0.6124941187276874,1.080746658905909,1.046531176029944,1.265385108972786,0.5015145154905764,0.17670168795584623,0.5202817890936009,-1.0873344339580298,-0.8471124724230873,-0.7226996123544024,-0.3972468276014818,0.9997742267234366,0.2322010739854775,0.1541597629109794,0.08421191299656892,0.13940755071536323,0.054760404463459166,0.08044213635017954,0.028642263232481924,0.016501563525859072,0.1615787394033264,0.010569160332060408,0.014154616385930505,0.02337081569831392,3,2,5,4
demo-0004,Velvet 4,Demo Artist 4,electronic,1998,joy_celebration,0.4524680035442564,0.44284364392879694,joy_celebration,nostalgia_memory,none,none,A demo lyric about joy celebration.,acoustic,D#,153,80,94.76405832748958,55.85282722798733,0.4524680035442564,0.4986140969083763,1532.6222574628132,3448.320200437765,0.46409665587904636,0.5073533976487801,0.13358551269912633,0.8219996683971765,2.2591875752404365,1.7351112459145783,1.2568710591495091,2.3633028912195617,-0.288763054322851,0.2602484672502522,-0.026575941405524994,0.510190196844232,-0.4766861475563089,1.5351509468144042,0.6777773029012265,-0.570806294502658,-0.11557908120754168,0.1712260132194098,0.029853227298799384,0.12051854172979423,0.03506489028576622,0.19770895499053448,0.05672695601928396,0.09543974346672673,0.06468887432845785,0.0923053081549461,0.05785706979691458,0.07509202309487928,0.0035183976144872544,1,0,6,2
demo-0005,Northern 5,Demo Artist 5,jazz,1999,empowerment,0.36256388539562756,0.7052268407314221,empowerment,spirituality,none,none,A demo lyric about empowerment.,punchy,E,198,64,93.60253644236515,71.79176276945172,0.36256388539562756,0.5010953672741336,1733.5460939018014,3798.227384444379,0.5195411782209329,0.7670546032456701,0.13001408802921696,0.6815056233582976,0.2348832377676281,0.47477393546424673,3.328469732435164,0.3786133207756138,2.038489203736345,0.2970728219129736,2.1315730128742443,1.5849509661058632,1.0433621023419095,1.1592374738645659,0.5452123045706095,1.6460722014820806,0.74501651965922,0.07672269652653525,0.09519442191021299,0.06386035773431126,0.07974106600752863,0.06842486893667662,0.07333441131479781,0.15142169529101165,0.18962068977266033,0.04448309989614354,0.006094317784041846,0.0942730600196949,0.05682931480638515,4,3,7,1
demo-0006,Quiet 6,Demo Artist 6,folk,2000,loss_longing,0.09054726406034681,0.6351379507720399,loss_longing,self_identity,none,none,A demo lyric about loss longing.,warm,F,160,86,113.56384629373919,50.306371619353996,0.09054726406034681,0.569345014309121,2125.373315069064,3600.731777232172,0.3657909471566261,0.5352300559279922,0.14210789754280823,0.7994878133279929,1.3365571014754873,1.8375745487989334,2.907481861313717,1.5905849069017455,2.143938793276858,-0.5501721010310225,1.451281598069882,0.6567697297071289,0.281186939576372,0.6218476330712492,1.165876559299188,2.415902542356013,0.17360728226043598,0.036088712860741744,0.03353308079728822,0.025471899603229407,0.10519332508158158,0.06546277538457107,0.08727468151098607,0.1292704215884173,0.1162962090226934,0.10533455047116727,0.14095158840050415,0.00347019349752107,0.1516525617812988,2,4,8,3
demo-0007,Neon 7,Demo Artist 7,r&b,2001,anxiety_darkness,0.7132489542213307,0.7384279855446753,anxiety_darkness,romance_new,none,none,A demo lyric about anxiety darkness.,bright,F#,269,53,143.13979230027135,73.11888030144453,0.7132489542213307,0.8101475689025335,2057.6107979329418,4068.2709949211485,0.28048369972444953,0.701653452316271,0.1663121000718068,0.9205853620888234,1.0709161622563914,1.1458535599322033,-0.34728902973865505,1.6373340794550921,0.7375855881404367,1.2705605726339262,0.9231392218324116,1.7057374457474428,0.04227160864336854,0.33295475460900925,3.929247112028298,0.5125774187259688,0.7032144215453602,0.20669383666065583,0.026648496998677634,0.0071170470521224345,0.04357584032828719,0.008531350741447119,0.05687984959622416,0.05890537802580422,0.013690319581403062,0.3727442474819091,0.036484476623438504,0.14449467093806065,0.024234485971970067,6,1,9,0
demo-0008,Endless 8,Demo Artist 8,classical,2002,social,0.6309461004820267,0.5837015037948857,social,bittersweet,none,none,A demo lyric about social.,dark,G,181,33,126.55738224944787,60.50125029956022,0.6309461004820267,0.7577230818036111,2491.5258981383795,4467.977278980324,0.5527634612598805,0.6076702703744955,0.1700016878618283,0.7278441966457153,2.416494261673308,2.0027134015865107,4.193168308930595,3.6733549024752428,2.485846552556501,1.3369427903052324,0.9875885280165821,3.2911429530888654,2.3627492251471387,2.580143403391611,0.35541401302580744,3.027438481558181,2.554420338214363,0.16135469110909129,0.22765506001957217,0.09867720147697584,0.12337891676674308,0.07833224828748506,0.01375017063447774,0.08324611496414548,0.011917904203323683,0.07064193165105931,0.05479440172622886,0.02553577670051702,0.050715582460380486,0,2,10,4
demo-0009,Midnight 9,Demo Artist 9,pop,2003,anxiety_darkness,0.7702468334942969,0.24498153616416535,anxiety_darkness,romance_new,none,none,A demo lyric about anxiety darkness.,acoustic,G#,176,53,88.81880171331348,38.551927876245195,0.7702468334942969,0.17729108760670897,1003.6593616437826,2140.865459837879,0.4908013481256729,0.3328743532272545,0.09331087655288248,0.930004459469896,0.582655241987707,1.732311605409944,1.1774118889776937,0.4390866789295762,1.743934526167792,0.43899315873829875,0.8279881767970589,-0.29657095353470836,0.06654581585920483,-0.6974238233002769,0.989583934594853,-1.1783036231148656,0.7823503424176613,0.19530019146192024,0.002413365922264959,0.07001001855675437,0.006063516535694061,0.15451871151017882,0.005444231126736495,0.09757074686226766,0.011386289461154933,0.285515535969866,0.03635094993183087,0.07384095093013433,0.06158549173119728,5,0,11,0
demo-0010,Golden 10,Demo Artist 10,rock,2004,social,0.568902610684768,0.32875091600065137,social,bittersweet,none,none,A demo lyric about social.,punchy,A,265,67,77.63087778082735,32.61283485705505,0.568902610684768,0.3849607577240995,1248.6374443328036,2629.577065000399,0.156306573710285,0.3413466850220635,0.11144067146465156,0.8413890285372694,1.9162096816512073,-1.7632382768047428,-0.2911034251911056,0.8909063227933547,-1.2815943994539423,1.775949048053509,0.6683566127006584,1.146583985843404,-0.27094366152179455,1.1137636899662104,1.3684715559890384,0.5328780201371683,0.534400892698696,0.0315824372890483,0.030123791234736165,0.04064421215774841,0.012605318277604171,0.011022494674714126,0.19017400604831416,0.14695732445265933,0.03604170855206166,0.01979992638184999,0.08227226504079223,0.26612257036423453,0.13265394552623683,7,3,0,4
demo-0011,Electric 11,Demo Artist 11,hip-hop,2005,joy_celebration,0.5009140844448527,0.6776430700931976,joy_celebration,nostalgia_memory,none,none,A demo lyric about joy celebration.,warm,A#,150,77,97.7345605351205,57.13262228582384,0.5009140844448527,0.4643293201059274,1599.3183720415302,2803.070896004112,0.19947165619002294,0.6515389409340955,0.1108460113808635,0.8107880444343033,1.9095506848605268,-1.0022595410589252,-0.6516472141061395,-1.0012779371188536,-0.19413629002542387,1.0396366060169935,1.124187842812771,0.8762741793285538,-0.8127658838923665,-1.710103436632644,0.6543535853903822,0.12822396636166422,1.0593857717166117,0.001432123973836689,0.14478197346605284,0.0017231790880614195,0.07803694601586804,0.004812602400694439,0.026082988690402056,0.047602876882975105,0.17727920086105978,0.017588809674277252,0.31668882717533187,0.17751494518756916,0.006455526583871243,3,4,1,2
demo-0012,Velvet 12,Demo Artist 12,electronic,2006,empowerment,0.41636152336192583,0.3564501102362919,empowerment,spirituality,none,none,A demo lyric about empowerment.,bright,B,306,84,87.14251682045743,51.58949399206244,0.41636152336192583,0.29331071041213563,1448.6082671813788,3294.8981019509934,0.4572673900426138,0.5257844440177171,0.15178434993421586,0.9327686132267692,0.8308620652738603,2.253585889569397,0.9921266584341091,0.06260177617253782,0.3055996478012647,-0.5805365125650164,0.011866146266347521,0.5419833119255708,1.7035850193786015,2.6207698311659837,-0.4821815153770401,1.2928274682599188,-0.1405439391575345,0.008186080832878232,0.2755560496458104,0.0424881289954969,0.022900774479748923,0.01286153375541477,0.04704175562299193,0.0897092873011021,0.11454228216555805,0.05668702663373997,0.21846126258881618,0.10005885864456932,0.01150695933387321,1,1,2,1
demo-0013,Northern 13,Demo Artist 13,jazz,2007,loss_longing,0.17257710793084965,0.6303307733157215,loss_longing,self_identity,none,none,A demo lyric about loss longing.,dark,C,236,75,104.34809462322197,74.84793986633801,0.17257710793084965,0.6291673955661902,1786.0052535818963,3456.395244563398,0.5523163841069443,0.8460300266696951,0.18153961058107507,0.8069381135132779,1.3601905933170753,2.2762401574663853,0.3543389672326528,1.533070372618255,1.1741371520461437,1.5139082114575535,0.3666311940505942,-0.389567493308969,-0.8729834359912918,0.08261588701039213,0.741324715060667,0.9068084133512382,3.137231162429517,0.007789065185083924,0.046356775125792817,0.0060111079663150895,0.15245017286321502,0.15604393308845296,0.010918123683741296,0.008732953491855768,0.317175474255461,0.03179202919229966,0.07139967346050327,0.062297731562429244,0.12903296012484972,4,2,3,3
demo-0014,Quiet 14,Demo Artist 14,folk,2008,anxiety_darkness,0.9146571605284939,0.6840911833688896,anxiety_darkness,romance_new,none,none,A demo lyric about anxiety darkness.,acoustic,C#,170,93,114.54573444485847,67.6769569115033,0.9146571605284939,0.5863673935068636,1856.4621123929496,3877.4542446123596,0.37226942162213483,0.7100488309307044,0.17170574008891823,0.836653140723723,1.2137512664443082,1.953965579308696,1.1913269444535874,2.435547125465149,-0.33140608421512363,1.1643926318813538,-0.49081199512399776,0.00493916977279496,2.8638622298139094,2.3951849819716857,0.7805197667152096,-0.0025034560408969675,-1.4645288378416512,0.20724946314485868,0.043151860115587116,0.19291497521483342,0.11453068759936398,0.10282139821787066,0.1768684305452294,0.0014643551502369005,0.037397740189862465,0.022594460728623218,0.03292164873861874,0.042295566265959615,0.02578941408895584,2,0,4,0
demo-0015,Neon 15,Demo Artist 15,r&b,2009,social,0.5723880384278869,0.8344567812577142,social,bittersweet,none,none,A demo lyric about social.,punchy,D,278,99,121.46924810643952,90.5472433714879,0.5723880384278869,0.7723057113653244,2106.895714572938,4381.908203728728,0.5197228725208178,0.9183838748810137,0.1912943604333981,0.7638229522555829,0.8588779040750415,1.3514357919716455,2.2523339506431386,0.23424092781948547,2.437470902651121,1.2612286823822565,2.9478126607335633,-0.5942603049004718,1.013434224895831,0.11353184876589784,0.9737705336360473,2.047665901108943,1.6207733745502448,0.15604015828551854,0.037397665511114224,0.0061222229539097195,0.015648150121307672,0.04184114620538893,0.03701292592685473,0.051167563960641406,0.08317691207003695,0.09589553938748124,0.06725301189182344,0.18041895809345476,0.22802574559246833,6,3,5,4
demo-0016,Endless 16,Demo Artist 16,classical,2010,joy_celebration,0.41741898635377306,0.5800189473490286,joy_celebration,nostalgia_memory,none,none,A demo lyric about joy celebration.,warm,D#,243,59,126.88983168183847,67.95766903571146,0.41741898635377306,0.6488962149415265,2361.5183542017517,4500.173123129589,0.5076713087828243,0.641299926485629,0.1880036912803993,0.8739412672300948,1.9403516925779831,1.447083855335288,2.6484279208298,2.2879735874861047,0.6518727405849525,2.0320197440155954,2.362035812074381,1.2003052135122463,2.289843392837443,0.645177514742211,3.436186100012171,3.347949985059432,1.8474826656970353,0.05000144887112435,0.09401727893460662,0.21478327465621774,0.026313327807730064,0.16848174025549878,0.005479452696786708,0.04442968967230584,0.03435589073858393,0.04219808798963994,0.09032486469842509,0.02415053128884481,0.20546441239023605,0,4,6,2
demo-0017,Midnight 17,Demo Artist 17,pop,2011,social,0.7957039080650486,0.24774360282249164,social,bittersweet,none,none,A demo lyric about social.,bright,E,197,23,71.6111471483133,37.9884334676833,0.7957039080650486,0.2583529269715671,997.5121545304373,2243.498749567751,0.23375569105368077,0.4056548548218736,0.088449222252887,0.927444721694124,-0.6275875364369197,-0.6366152831022357,0.5411316108045314,0.7629264823369366,0.4480993639362036,-1.6855973173848082,0.5380344399282511,-1.034308051674399,0.2352761115882635,-1.4237344353990602,0.44632214754306365,-0.8065989043073726,-1.2826346502605217,0.08363948698257084,0.0002830748849798673,0.020929256008361295,0.10152310995134199,0.0011316991900491282,0.09488462204147931,0.08987664961704812,0.008810672938047645,0.23542197761434247,0.13143252702661026,0.21701795165456492,0.015048972090604231,5,1,7,4
demo-0018,Golden 18,Demo Artist 18,rock,2012,joy_celebration,0.6288749596009515,0.32441259649702137,joy_celebration,nostalgia_memory,none,none,A demo lyric about joy celebration.,dark,F,294,43,67.50529567503852,12.046636028846116,0.6288749596009515,0.3351612819043245,1075.6532460191197,2485.8137086159936,0.33299179371172277,0.14944441741228504,0.12049014750572172,0.6505594380180694,0.9991967316948878,2.352684981945891,0.4719603324370598,-0.03732516206850606,0.15799678559247868,0.9152567669685612,-1.4306716055072182,0.4643907029773022,-0.09046394946281011,2.147825012956045,0.12582726619504211,1.9678876111195198,-0.8037406977820072,0.021064543082977616,0.006218733841558904,0.03505784005463358,0.22562342876368588,0.04038928853039506,0.028064409038506544,0.16159864117507403,0.05378082379936703,0.1487828983769009,0.12079243463458048,0.12079566378009227,0.03783129492222777,7,2,8,2
demo-0019,Electric 19,Demo Artist 19,hip-hop,2013,empowerment,0.388565346842042,0.2343035035879442,empowerment,spirituality,none,none,A demo lyric about empowerment.,acoustic,F#,307,79,97.27875229286508,27.612099928151864,0.388565346842042,0.44178958042193917,1234.3350211156219,2602.9705620095165,0.6253711844471506,0.2935885304095401,0.16765204565368147,0.8420188598724938,0.9877031412620147,0.4330720698914349,1.416775867200791,1.2250852012481537,1.8517250085651948,0.07867708136271523,0.16459252705603766,0.12089682908801985,1.3908017211789891,2.098374440296732,0.14115950685069933,0.17522627220690873,0.9140772238697992,0.11949143404752831,0.0015812235877960912,0.5586974207619153,0.008030101781842037,0.11433912643258168,0.004121735492176086,0.025991459251595374,0.03033304043496916,0.08004202293456592,0.0050358833996438385,0.03399827705022781,0.018338274825158627,3,0,9,1
demo-0020,Velvet 20,Demo Artist 20,electronic,2014,loss_longing,0.12192329471080762,0.583054843859246,loss_longing,self_identity,none,none,A demo lyric about loss longing.,punchy,G,306,44,97.22771107415359,65.59008345729619,0.12192329471080762,0.5317987752567579,1528.3623849845644,3286.299456656122,0.34473828289390385,0.6552966020335486,0.12578619971273686,0.678410907589587,-0.6634779478686885,1.5857490352746617,0.5490476177820218,-0.12228028164732963,0.8038210630766677,2.0280188573493025,-1.380737845371923,-0.5966386899033265,-0.022886441895267673,2.361178866720329,1.1825869829192963,1.6673172404612266,-0.2401609191262306,0.3135937743642967,0.10315763509889994,0.02133204092723217,0.013098654248372374,0.09969654610883383,0.23426808661616474,0.004633059544850611,0.010867430070676741,0.016664205379465783,0.025366235425500323,0.14889019813770984,0.008432134077996903,1,3,10,3
demo-0021,Northern 21,Demo Artist 21,jazz,2015,anxiety_darkness,0.718350158438933,0.583740178667782,anxiety_darkness,romance_new,none,none,A demo lyric about anxiety darkness.,warm,G#,229,20,114.44670581080423,73.25270111914324,0.718350158438933,0.6838075617947452,1801.955708652174,3413.090994614575,0.3660304067622706,0.7330995757749651,0.1340147059222949,0.6984932094271185,3.248755650863287,2.985168402072131,2.336048683555428,0.27914960219087237,2.0550193242972785,1.8396264094979018,1.642545624204053,2.449665267043777,1.8353711428612773,1.9400142363043353,1.83690628337221,1.540791408002106,-0.5836111297141835,0.0012565248564311332,0.017200746546182664,0.2272382545452538,0.16996576665392402,0.1652147865552313,0.02751467137446876,0.205029644027879,0.0789769500594564,0.0030866868470136775,0.018029843731483437,0.07430770965474807,0.012178415147927842,4,4,11,0
demo-0022,Quiet 22,Demo Artist 22,folk,2016,social,0.5457878306532428,0.6531505424656023,social,bittersweet,none,none,A demo lyric about social.,bright,A,297,21,129.38048933315713,65.724631141093,0.5457878306532428,0.6715370662810727,1951.373452690976,3844.781715764195,0.5066318567156297,0.6471006121711527,0.12835145605223428,0.7848948122393071,0.7539017433474866,0.2496844610768536,2.0112218145475347,1.891264659933235,-0.2867075113680779,1.3773153625048729,2.4957013858999235,2.559223738896321,2.525836842885239,1.5389132069014597,0.6549546720308489,0.41630117264193944,1.8446049047503574,0.09154656803667884,0.02269041994332133,0.08801971431902224,0.09219874043801807,0.11142319169452054,0.1249840904221907,0.12927905096395817,0.0015276077342948448,0.09163366528781042,0.07619895590880295,0.16067416766522508,0.009823827586157028,2,1,0,4
demo-0023,Neon 23,Demo Artist 23,r&b,2017,joy_celebration,0.4678405935896636,0.7669026912346808,joy_celebration,nostalgia_memory,none,none,A demo lyric about joy celebration.,dark,A#,225,31,113.8845679912674,74.73743401164127,0.4678405935896636,0.6215007100907669,2332.5332327899755,3910.8256877078284,0.18250183265442038,0.6542820824542871,0.1605821989315334,0.80309172780327,1.6823891445748789,3.0141898289285014,-0.8728344331029381,2.1959338744308234,3.361438201803573,0.6722192351082859,1.4201934882101046,1.0471080827713788,0.9056539539224711,1.4737379949769598,3.2274852836845045,3.6373866754875204,1.4640607749598522,0.12993545872721027,0.012199015165924143,0.02504921265175912,0.12668633576331162,0.07142339240564163,0.05682566963319234,0.14156418767348644,0.01165410082629369,0.043538436737405435,0.041019225727666316,0.22762502711809265,0.11247993757001644,6,2,1,2
demo-0024,Endless 24,Demo Artist 24,classical,2018,empowerment,0.3524868470216922,0.9013182363479978,empowerment,spirituality,none,none,A demo lyric about empowerment.,acoustic,B,273,30,133.6926650128435,87.90321631870533,0.3524868470216922,0.753997271794892,2137.56396807535,4559.983080349716,0.3526970870254549,0.8069172064090828,0.16883177512282635,0.8083981003314454,1.4064938354277192,2.9310318576679744,0.7578248336290931,1.6930562512274412,1.5151258650669994,2.0534127296606606,2.3788642846472388,1.0921070503764554,2.824282677456228,2.1630023683346997,0.20805374668808962,0.14140855960296905,2.087680707070689,0.06985385556132447,0.18525681061799248,0.2466295708336695,0.0234820468241386,0.08829280278130174,0.012386066975754513,0.019547014061768956,0.07059017537781513,0.040975923803292756,0.010146498322546087,0.08344363870947791,0.14939559613091805,0,0,2,1
demo-0025,Midnight 25,Demo Artist 1,pop,2019,joy_celebration,0.4673289098196219,0.2861590233390476,joy_celebration,nostalgia_memory,none,none,A demo lyric about joy celebration.,punchy,C,222,32,83.39471688434726,28.307253350057422,0.4673289098196219,0.2459186155454905,796.5218448629348,2286.197596933683,0.26965368951108215,0.3025571187665743,0.10205106367452535,0.7852557510081833,1.5882761071492624,-0.6222074452947179,2.0602981705240784,-0.2254314492280993,-1.2770164449702281,0.0699195809948253,-1.0762452003187681,-0.7517558478135002,0.39703330001549114,0.5555820886501248,-0.6221677002542582,0.9874051450464006,1.157507758021134,0.19241914409517777,0.056943908503357336,0.04706606038967214,0.05417377553234964,0.09228767970380164,0.026272405213127483,0.10263898274322225,0.18551534518739435,0.14850482817246904,0.052602844060766096,0.017719030205349966,0.023855996193312103,5,3,3,2
demo-0026,Golden 26,Demo Artist 2,rock,2020,empowerment,0.33141845360606115,0.46571214109937237,empowerment,spirituality,none,none,A demo lyric about empowerment.,warm,C#,207,30,86.58659252778527,45.96550780628257,0.33141845360606115,0.45322460284377414,1307.6872797123995,2575.73161474365,0.5884320329053403,0.4021118526035473,0.10824246515168759,0.894028946488359,1.1659686384171533,0.5116097327950502,1.1863939595679525,0.7907667089938188,1.5003062582593216,0.589359156957111,-0.05569831557103466,0.6358412569330236,-2.630594375852776,0.6828857363850495,-3.348412825214784,-1.423463407405418,0.7517686009409841,0.0754963018023198,0.03904819708187086,0.009427386326388473,0.012017623679644944,0.25652739342097514,0.09741063590995654,0.03433568117260107,0.10887039324433724,0.0556974775478282,0.11853568526767168,0.08431558663101463,0.10831763791539133,7,4,4,1
demo-0027,Electric 27,Demo Artist 3,hip-hop,2021,loss_longing,0.09082066782387478,0.44526014594992325,loss_longing,self_identity,none,none,A demo lyric about loss longing.,bright,D,290,24,98.39486205749947,46.57267116571891,0.09082066782387478,0.42276894993482045,1286.0645101022915,2820.887252487936,0.5334683027609249,0.4965674216416781,0.10000575542661239,0.6958412367378728,1.70467921540253,0.1876631277952694,-0.8168420925968741,1.0438127093831047,1.0633698060326868,-0.9307152572567065,0.8294817154636063,1.3355830924283736,0.974386451706263,1.2319814837613952,-0.8042690980907491,0.9310401549961955,0.2973802405295534,0.2183614859769554,0.010490858615249737,0.03701503249979787,0.050261345403694854,0.09558551441641687,0.05992043903291208,0.10726723667301907,0.01069555370542638,0.11147649933197303,0.17179577940393112,0.10021660009317918,0.026913654847444353,3,1,5,3
demo-0028,Velvet 28,Demo Artist 4,electronic,2022,anxiety_darkness,0.7668421547331313,0.49319839785386,anxiety_darkness,romance_new,none,none,A demo lyric about anxiety darkness.,dark,D#,191,30,101.7216798149467,44.24855676351606,0.7668421547331313,0.5336063393761752,1485.0190244522869,3296.124669453365,0.5568263905187592,0.3807449132895867,0.1588460958237249,0.7499255256243085,-0.7550953431851839,-0.14504370958630242,-0.12104516067832205,0.9521733186575334,0.6261494944537627,0.563168032359407,1.5197019654824788,1.2398753611927038,1.216047870644286,1.3098284573286927,1.516134668002238,-1.207953341777443,0.5355617477355388,0.07691244098933896,0.019697906844012007,0.1105682735363911,0.08037575307788411,0.08349342255322885,0.08778774820464474,0.07325368964431112,0.006310817999364325,0.028561774407383757,0.16298262089585666,0.13629603923840844,0.1337595126091759,1,2,6,0
demo-0029,Northern 29,Demo Artist 5,jazz,2023,social,0.7041921094953841,0.6102980913386343,social,bittersweet,none,none,A demo lyric about social.,acoustic,E,287,63,112.58853076297204,68.66814367091001,0.7041921094953841,0.5481540709898126,1648.5211850366818,3325.3429166563974,0.4193506134645466,0.7138111598736981,0.12088749665197206,0.8437512248619871,-0.04175552887839262,0.995931415561151,1.3096477545740086,3.645130145058917,-0.17731565552036743,2.6720145664901334,1.34984241398728,1.6111719180159632,1.3183479133882046,1.644726818195233,1.0463148956379822,2.654050181457458,0.7435288557752775,0.09591221539671924,0.08849678586125712,0.0017295036403115792,0.05184446193908355,0.24111985554542517,0.1745682348778353,0.05331099826646633,0.1101653539345544,0.048662744578738884,0.06304780537545057,0.04539166418712546,0.025750376397032437,4,0,7,4
demo-0030,Quiet 30,Demo Artist 6,folk,2024,joy_celebration,0.45307319319432793,1.0,joy_celebration,nostalgia_memory,none,none,A demo lyric about joy celebration.,punchy,F,251,25,113.790018826029,98.71053033475404,0.45307319319432793,0.6346075561380922,1957.4299780415952,3819.8712306101993,0.4387500255759996,0.917199820357598,0.11912749594955839,0.8653244883281227,1.2232999099142865,0.9039111003438334,1.5085056267231536,2.2949322529156273,1.6803639430263981,0.8439450633590326,2.7262929556489497,3.079185502981632,1.9945566553228533,2.47366351134409,2.741959996813811,2.6300993164045137,2.1140991771126236,0.012189928843647556,0.017956304192170862,0.03963889756133116,0.03299292293465053,0.10255997164039676,0.0928707140973418,0.08783781525870128,0.0762287715594199,0.10954769502991513,0.23191054142271386,0.027368454644921787,0.16889798281478932,2,3,8,2
demo-0031,Neon 31,Demo Artist 7,r&b,2025,empowerment,0.35631909730720074,0.812938193969405,empowerment,spirituality,none,none,A demo lyric about empowerment.,warm,F#,202,32,125.81627577442339,72.22437556688689,0.35631909730720074,0.5809098280452314,2214.0380733652573,4120.559539033415,0.3875279992573224,0.7104522875601262,0.15631648506969556,0.7729844870662904,3.5713412422676836,1.7015539976921201,1.556103889822662,-0.29745095761014184,0.9057926480205225,1.536926575543647,1.114147323823357,3.181707593377797,1.6350622246037811,3.0884442493182522,1.8617046340503678,1.8372278364215764,1.7112035522874989,0.15365076567955788,0.1699592017346634,0.23920664656001797,0.021288737479516772,0.029304942458311705,0.14305736776514266,0.02133519662243221,0.0009539061004038158,0.025210591024156407,0.03833901409352856,0.03861509780273876,0.11907853267953011,6,4,9,1
demo-0032,Endless 32,Demo Artist 8,classical,1995,loss_longing,0.2218116210745703,0.8406002665557903,loss_longing,self_identity,none,none,A demo lyric about loss longing.,bright,G,178,55,131.88490498062941,88.5518908698421,0.2218116210745703,0.720107187740359,2546.754428662749,3998.8430168627847,0.2873473744760645,0.8261653873797025,0.1627347870486239,0.7745391830233971,0.5926743522269526,1.1148419676891739,1.23915832147643,4.557424092075892,3.901741947747147,1.6882505823153509,1.7364167096932013,0.950796002811706,0.19186958677473331,1.983119813591476,1.1021480167559745,2.0151494683379902,0.4997941509565227,0.03985135340454108,0.06814215263014202,0.04999996327381403,0.09710623047347823,0.026394594593795284,0.16157567424943464,0.3124785340120222,0.006315640723033545,0.00039832667346607317,0.0486038089713637,0.070623102566196,0.11851061842871316,0,1,10,3
demo-0033,Midnight 33,Demo Artist 9,pop,1996,empowerment,0.33872096820444647,0.546098156905036,empowerment,spirituality,none,none,A demo lyric about empowerment.,dark,G#,282,58,72.94676706880198,42.35558456569519,0.33872096820444647,0.36000974497095556,1132.0552182225824,2552.887228140945,0.31580001787662537,0.37722919009909434,0.12969837573467702,0.6941718949162363,-1.322541133291679,-0.4861941306990469,0.42022670947458574,-0.10239670661109637,-0.6505636204055921,-0.674212461724509,-0.7123370644127087,-0.8795096286589426,2.2816328772760617,0.2975110711855549,0.8867590544047386,-0.4890774681189237,-0.18595667718604886,0.11286692503017988,0.007645240277668383,0.006901903494952872,0.04872371336469281,0.130577331727788,0.007067053140395301,0.1315969522750937,0.08729901267717595,0.13611925194015875,0.14097815098600003,0.11308470288074302,0.07713976220515152,5,2,11,1
demo-0034,Golden 34,Demo Artist 10,rock,1997,loss_longing,0.2447632296492933,0.3860973456179435,loss_longing,self_identity,none,none,A demo lyric about loss longing.,acoustic,A,297,33,74.01785254183204,34.08023249319569,0.2447632296492933,0.2652697334481382,1120.3806650305755,2578.8617763820766,0.3811211254313128,0.3421315919982618,0.12141074072276971,0.8618190714665301,1.8518801201224886,1.5769808321980434,-0.701291432756544,1.9835862095380226,-0.23097650455571478,1.3448728124544276,0.36798662605108884,-0.1121493784569676,-1.5076968597749327,0.1284354897836518,-1.259383235305609,1.2672992358427724,1.816792657139248,0.07252583660463144,0.1326563424633487,0.18058328742870344,0.08939865684101572,0.0684663874830177,0.11160432643318573,0.022704486553822182,0.027264962493088195,0.09190174227390126,0.027087506248735994,0.026671133317416433,0.14913533185913333,7,0,0,3
demo-0035,Electric 35,Demo Artist 11,hip-hop,1998,anxiety_darkness,0.7907600896560852,0.39716837030614704,anxiety_darkness,romance_new,none,none,A demo lyric about anxiety darkness.,punchy,A#,305,94,96.20199204462692,46.405293949381004,0.7907600896560852,0.4674843755924453,1504.4358784701174,3100.8820642225346,0.4437582965226297,0.48270555541551896,0.10752798621483575,0.8023355316114555,0.0002505508811352364,2.220070309136051,0.9636981503429628,0.3819708718955779,1.7936185718563769,-1.5706154097954115,-1.4141025948652897,1.395838655219774,0.660468448117368,0.8504463002607606,-0.7263961033185488,0.5767662891496338,2.603509410401342,0.08692785853882812,0.023771454535970727,0.035953474476971566,0.20064711419885026,0.039613995705611325,0.02661233096397645,0.08615095591020674,0.27285011227563966,0.02696487431343177,0.055146558252530585,0.12301554644703507,0.022345724380947854,3,3,1,0
demo-0036,Velvet 36,Demo Artist 12,electronic,1999,social,0.6991416350685651,0.3401801469960777,social,bittersweet,none,none,A demo lyric about social.,warm,B,189,65,79.15433192012367,27.987174140138308,0.6991416350685651,0.4002865099198088,1677.9482320923237,2659.961029468857,0.4478714881709721,0.22087170247802015,0.14609140603169674,0.7324886047856539,1.3039540207356115,1.465460419169093,2.73622583973002,0.6970580563246297,1.2760443696226114,-0.585055479127436,2.090413563293744,0.13949115192863526,0.3392458359122543,0.8777522051507892,-0.6628843453398496,1.128770028928938,1.8674662729250107,0.022975565047755775,0.03622419274922904,0.05799431159676984,0.06034209483095708,0.05905519927004524,0.014785174378542978,0.3060020492799089,0.044396306623021735,0.08502134046068961,0.21008544278331615,0.014493258579885038,0.08862506439987851,1,4,2,4
demo-0037,Northern 37,Demo Artist 13,jazz,2000,joy_celebration,0.48289563535276075,0.8514588421767196,joy_celebration,nostalgia_memory,none,none,A demo lyric about joy celebration.,bright,C,171,54,110.51192823511116,91.52894632661992,0.48289563535276075,0.4978627686443034,1616.1123576534183,3895.771995976214,0.5490265205582034,0.8786751941960954,0.15831860604559198,0.7890854848438666,0.9471185536821687,1.7622728719144933,-0.09188226823168999,1.5526272039171722,3.112954807731752,1.6661776621973108,0.8237878962165355,0.692894719571758,0.7896600266548905,0.9460373219522189,0.8221934672417279,2.1163114410745667,-0.5332091032089832,0.010242294800170474,0.008881148643472064,0.022708319569086075,0.05573823070205927,0.013570207095928776,0.19165337077355876,0.018761602321300242,0.1595526517182499,0.18567342519990135,0.042293715442294606,0.1671148996398081,0.12381013409417026,4,1,3,2
demo-0038,Quiet 38,Demo Artist 14,folk,2001,empowerment,0.37329851334779035,0.7891602754141105,empowerment,spirituality,none,none,A demo lyric about empowerment.,dark,C#,220,76,92.06356036973806,67.12713640338627,0.37329851334779035,0.5746049156129854,1930.2418766947258,3484.622256909145,0.5141274587348468,0.7337092526543881,0.12826864280818823,0.8336400938689873,0.5841765227035622,0.8280879763203232,2.977393634170035,0.957442179888175,1.9622124890106247,-0.3712181160609871,3.36231756139488,2.102652446306499,1.3175001573497382,2.075546509999895,0.09018057105218968,2.6825307417526574,1.1760152245035698,0.013045896386560146,0.032438649809867534,0.03545236436467821,0.08026112012880367,0.11977673249367284,0.03707622525659467,0.11467462208255845,0.07414643647059471,0.23533405459168036,0.10134149421399702,0.09255806160604833,0.06389434259494424,2,2,4,1
demo-0039,Neon 39,Demo Artist 15,r&b,2002,loss_longing,0.13182729552275252,1.0,loss_longing,self_identity,none,none,A demo lyric about loss longing.,acoustic,D,215,55,130.7691120545833,87.41488940865165,0.13182729552275252,0.66224177496207,2133.9328610137586,4082.3064111328704,0.5585795894479276,0.9442082078382112,0.1636262843572284,0.708855637686271,2.6244270623849797,2.721150746394792,2.454659528447786,2.5454989065249825,1.5290718698421917,0.8710108328694203,0.93180656935922,0.16453675154214187,2.0369486115459496,1.7165512167734063,1.3600122954702911,-1.15561882434507,0.5526825303058309,0.05295483311667987,0.03901967285183484,0.0068768043830680055,0.17773937094623282,0.015959225296578474,0.16773707807845936,0.0029966650898712623,0.12396848096559762,0.03406715123991358,0.2630429406739253,0.10779124740220565,0.007846529955633137,6,0,5,3
demo-0040,Endless 40,Demo Artist 16,classical,2003,anxiety_darkness,0.7915820692599304,0.7995682582169066,anxiety_darkness,romance_new,none,none,A demo lyric about anxiety darkness.,punchy,D#,294,54,130.0863208657773,83.11877898171844,0.7915820692599304,0.9039671274429855,2380.889107650261,4761.357310960451,0.553597913406594,0.8793358184796567,0.15550777896964552,0.7146240777412589,2.5597059550149877,3.0885532424653155,2.140256502000463,0.813606664916303,0.739741633710673,0.6728635978137589,0.3323778870606191,2.2094853594470876,3.2250439217080253,2.0865842130751915,-0.16041475733785227,1.9092395396654513,1.937201003367393,0.007342965700795374,0.18938635984853422,0.02875753050582845,0.031236214188758646,0.011732371334578063,0.0822103832352608,0.050053135591844565,0.25378007937265895,0.15692598673309638,0.054476124198602385,0.04500761019952766,0.08909123909051442,0,3,6,0
demo-0041,Midnight 41,Demo Artist 17,pop,2004,loss_longing,0.2142992770629062,0.3401007096844159,loss_longing,self_identity,none,none,A demo lyric about loss longing.,warm,E,211,30,70.01967877867557,38.94041567397846,0.2142992770629062,0.21426389385106043,857.5662310063627,2001.282045633101,0.5484196196139872,0.33189988203216636,0.11423954045982103,0.681852093207118,-0.5662949155810063,-0.624603408215179,1.3251467288748389,0.33028994561659186,-0.21173380254439425,0.4987194410697233,-2.107192347329688,-0.043133589640907445,1.9975141778047627,0.13234650640267256,0.0679131691693355,0.5481283796421961,0.8956052433143455,0.024264279298239985,0.027781820176570073,0.11478550120039559,0.05573574405622478,0.06912077175830432,0.04330276955735183,0.10366730630354258,0.16955422725642771,0.2550340034686908,0.08542845842523783,0.03929506813039526,0.01203005036861928,5,4,7,3
demo-0042,Golden 42,Demo Artist 18,rock,2005,anxiety_darkness,0.6292245066018516,0.4389359156366473,anxiety_darkness,romance_new,none,none,A demo lyric about anxiety darkness.,bright,F,228,52,85.47513256125556,38.955338919726664,0.6292245066018516,0.43851837994464926,970.2206284246752,2881.575969513325,0.35608583702871976,0.42701453555730934,0.07625304611173297,0.706973531272995,1.8163686467253362,0.03910017699915008,1.139922605132798,0.5369553887192461,0.19504184399982732,1.6638503249326897,0.06334117534809966,-1.4807381075634705,-0.503240091951705,0.8511917287016941,0.6955091063625081,-1.2670582502354382,-0.42434251940820106,0.3551550791291546,0.03066860711210218,0.06961751246969729,0.09492590565939688,0.013587135436935202,0.0332789283875746,0.0314665924618347,0.036000345587824945,0.06367259407585889,0.03917272519648785,0.1627835175713178,0.06967105691181509,7,1,8,0
demo-0043,Electric 43,Demo Artist 19,hip-hop,2006,social,0.5992149468822834,0.2640955509455323,social,bittersweet,none,none,A demo lyric about social.,dark,F#,239,41,96.83772539026967,35.7173454928914,0.5992149468822834,0.29303213593614064,1323.015445345924,2800.4115568520597,0.5512263028305204,0.35652651652373457,0.09092801440136739,0.6737610701142835,0.6294235755849727,1.6287809197455094,-1.6141873710430028,0.9457265798015799,1.7896220052876433,0.44697412379378687,1.1502024960264408,-0.1030690808978022,0.4806338007231232,-1.0209135183081517,-1.7443433084188738,1.5427658012252752,-0.3849949277244419,0.05118588106156968,0.060316672850777714,0.10673466741522855,0.07581381337740968,0.08349080795181042,0.13765360211659797,0.038709045746440206,0.062184869279039566,0.08684998617856811,0.14920877031315827,0.024790476821342052,0.12306140688805785,3,2,9,4
demo-0044,Velvet 44,Demo Artist 20,electronic,2007,joy_celebration,0.4750115646675304,0.46803804974803204,joy_celebration,nostalgia_memory,none,none,A demo lyric about joy celebration.,acoustic,G,188,43,100.56210425183818,35.93883620786512,0.4750115646675304,0.46258522452522743,1483.9438889150706,3211.8794313562585,0.4621438812523275,0.357259431026429,0.13157197412230076,0.7321928471506501,1.4321293738814382,3.8142446484154195,-0.8769866393260752,1.2240125241899797,0.13980991138109433,1.4774025775192499,0.9465574733278608,1.6618547740424634,2.0755065765087792,1.0924211177681813,2.032052288414178,-1.4442978937886775,2.490452297916023,0.010132920423346382,0.17833080585530126,0.15197385155999288,0.05938715111316899,0.17543140216029457,0.005685344847589986,0.05788487100815142,0.08188382378177099,0.13271816425920793,0.06158410231728937,0.06029633301592139,0.02469122965796497,1,0,10,2
demo-0045,Northern 45,Demo Artist 21,jazz,2008,empowerment,0.3902438934701492,0.22033754379133014,empowerment,spirituality,none,none,A demo lyric about empowerment.,punchy,G#,217,29,95.06315331621606,41.34661718738131,0.3902438934701492,0.544276633009398,1725.6997395206495,3690.516866512899,0.4732017246479165,0.37875924381652987,0.12986794608057595,0.9272882768754664,1.7362969691808936,0.8143700184768387,0.9635535800354865,-0.367177090585447,1.588474200851541,-0.5598157076954657,1.951796465835456,1.3286215924912659,3.5869517995739226,0.09986444627569413,1.0973379089593671,2.9982877009230626,2.3913896402914143,0.017251506273593547,0.0027219174059294276,0.36605577811975615,0.02402743398437645,0.22276354628666153,0.043078972434102976,0.03969065110846052,0.05083169843530668,0.041592319395028374,0.15799500800840388,0.026047584204295347,0.007943584344084832,4,3,11,1
demo-0046,Quiet 46,Demo Artist 22,folk,2009,loss_longing,0.14191879218392187,0.6712949688120912,loss_longing,self_identity,none,none,A demo lyric about loss longing.,warm,A,222,37,106.79671897777676,69.37430045591363,0.14191879218392187,0.5569750922914288,2097.4104974736183,3684.889389640254,0.5960320488993138,0.6668271944160573,0.1549589512170375,0.7858604497856199,2.3730566000927436,0.9651886617814421,-0.0725282500024409,0.11805096863636733,0.9681225060572426,0.25094002932194726,1.9102120156795512,1.0342318351419222,3.8746065500264315,-0.237714595137132,1.7036331787098011,0.37204697649433105,1.0065986596173215,0.13928370227486725,0.13548904179688107,0.03728651702231652,0.04128775533924768,0.11735756723456077,0.08985186847582846,0.005853972715613871,0.048246866826241505,0.2285861647958699,0.06467070801021245,0.07064869531713484,0.021437140191225883,2,4,0,3
demo-0047,Neon 47,Demo Artist 23,r&b,2010,anxiety_darkness,0.8101277368222155,0.541783509288926,anxiety_darkness,romance_new,none,none,A demo lyric about anxiety darkness.,bright,A#,282,46,127.85032924886967,58.847793783342055,0.8101277368222155,0.5529294070940923,2285.677834328851,3868.4164906386873,0.40059478874671045,0.6846252475367494,0.18254709523284846,0.809760399249544,0.8594697844987833,1.2707276933001066,1.8732753145856962,1.8375232323395982,1.709129070374037,1.7691674859158155,1.5856248902948857,0.35802126435998693,1.283489257839167,2.7146240539868463,0.43166570244888236,1.6104444884607214,0.9802460712291559,0.026059868791877282,0.06807892350003099,0.07038106849029255,0.076589334439094,0.026718857133974563,0.06995398597854123,0.1756650988925718,0.027850624551394892,0.04005327406420538,0.11302558524467742,0.02143640889772619,0.2841869700156138,6,1,1,0
demo-0048,Endless 48,Demo Artist 24,classical,2011,social,0.5974903285161512,0.6504753138206333,social,bittersweet,none,none,A demo lyric about social.,dark,B,189,43,136.03037034888243,69.57264136890365,0.5974903285161512,0.8567955163209657,2642.117304467911,4254.470934252179,0.5105628690990933,0.6369163978568648,0.15444788144503466,0.7369917489744331,1.0428451258617257,1.0481127271015864,1.9557156214797453,0.883281581613593,2.942126959137633,1.1822464625824858,4.909568970096393,1.648615549035605,2.1720176419170523,0.8046588155339649,3.8060917581276392,3.2195006808029163,2.3969158707361125,0.05204322633533638,0.06670471299390202,0.06319640087887504,0.021534827948695344,0.0017815175386373166,0.036853362864058326,0.03254356399619447,0.43455273126406696,0.0608959088220883,0.06453438713600802,0.0792605450395757,0.08609881518256214,0,2,2,4
demo-0049,Midnight 49,Demo Artist 1,pop,2012,anxiety_darkness,0.8812412173186344,0.2535194315709689,anxiety_darkness,romance_new,none,none,A demo lyric about anxiety darkness.,acoustic,C,243,20,77.19073918646765,38.61862768175485,0.8812412173186344,0.2759388332122612,677.7405773518558,2141.3743401867287,0.4509041854617464,0.3787826565901608,0.08873057149149861,0.7556987846758533,-0.0397062823469779,0.4424546049697111,-0.3044267628566672,-0.4096489283680019,0.09235403825445808,-1.9209159258951816,0.4770351272264581,-0.0005630971229588082,0.039693526597561826,0.960734307594464,-1.9528155300482481,-1.9738338698589637,0.27380384532351953,0.09443854877272198,0.021278991670173778,0.15230570878952998,0.12635980447144213,0.11701295989047676,0.09874105828868539,0.07551939242728782,0.04700936763743274,0.07792964160703933,0.13608328109437778,0.04037500276514028,0.0129462425856921,5,0,3,0
demo-0050,Golden 50,Demo Artist 2,rock,2013,social,0.5799112060617633,0.5789415829723592,social,bittersweet,none,none,A demo lyric about social.,punchy,C#,243,83,83.45928057150526,59.70579497358903,0.5799112060617633,0.270613791835898,1159.7539542032043,2624.15909408673,0.5131944344496503,0.6080371960948875,0.1048258819662854,0.947827893571606,-0.6006921837126766,-0.2873207627637789,0.3109855135275256,1.1789540277008925,-1.1973731700945367,-1.0102967497654392,-1.7377285077347178,0.3326952252532708,-0.8183058172065438,-0.08455011001791674,0.961378189891708,-0.3415427207828466,0.5312820227433646,0.02675903612944355,0.02429471467367346,0.01227514903395667,0.16420700626629883,0.003759001046979783,0.19676590316601278,0.022335956944598175,0.18442442519984462,0.16352332712955922,0.14092700482011286,0.004985574336041933,0.05574290125347794,7,3,4,4
demo-0051,Electric 51,Demo Artist 3,hip-hop,2014,joy_celebration,0.5125786274748955,0.4880636766280145,joy_celebration,nostalgia_memory,none,none,A demo lyric about joy celebration.,warm,D,245,92,88.0337746443035,50.47862571102081,0.5125786274748955,0.43884558965119147,1424.6321239823342,2738.8748221653937,0.4075710890013958,0.4450679830739851,0.09871054507747656,0.6171604688558499,1.3298287890155296,2.408914542082771,2.0253289434703055,-1.0260844886265166,1.3248546715562,2.0221063499235563,0.14319001926133595,0.7014474306500494,-1.4078930508046703,0.8667361679766414,-0.46355972943471746,0.7996350179115145,-0.9612029221888804,0.1403077664206301,0.02148423934142267,0.13166912214993037,0.18426056406078056,0.09957533900713657,0.004046730883656333,0.059753631431998716,0.05276021138650586,0.05487131258186095,0.008555183627511103,0.0899274668793406,0.1527884322292262,3,4,5,2
demo-0052,Velvet 52,Demo Artist 4,electronic,2015,empowerment,0.39823495550041776,0.6481544597516747,empowerment,spirituality,none,none,A demo lyric about empowerment.,bright,D#,198,93,89.71270434890609,65.85565446715539,0.39823495550041776,0.4825896080581624,1547.6786796583765,3075.429428470229,0.5653187503936127,0.6195348719393313,0.14019641415552236,0.8551858771531292,-2.0171598806970663,2.0903057035101176,-2.147632565352754,0.2839509744438746,1.925348034257755,0.5827132747475592,-0.5661859824695421,-0.1937370617166707,1.9269057463206196,-1.0215045305486383,2.028991100962017,0.8448979009577106,-0.2923953304424336,0.0736960030028054,0.06180404050334163,0.008449069435544479,0.04107715942561553,0.023441254586532928,0.07307096715675054,0.16917340364297592,0.03289295155535192,0.03985738058482442,0.047339344510402406,0.18884469048728772,0.24035373510856733,1,1,6,1
demo-0053,Northern 53,Demo Artist 5,jazz,2016,loss_longing,0.13587049273852397,0.40675762575764624,loss_longing,self_identity,none,none,A demo lyric about loss longing.,dark,E,169,40,97.17667559446525,50.87270979188867,0.13587049273852397,0.36557070330094493,1694.4388234982193,3155.485884644781,0.38717586978987195,0.4632719534887189,0.12257567855948373,1.0,1.2564115671695708,1.4453710089953322,-0.5763982963422947,0.546036866363078,1.415302629941512,0.17547108708699355,2.1080628435179856,-0.0026965859010301685,0.9136338641348243,0.6139483600244413,1.364320659381916,0.559509928144574,0.9291063729290626,0.021287176624374612,0.10696217533205474,0.0030043470449701926,0.0579792076277631,0.10755065616439471,0.12076308065802177,0.047727629560194405,0.07880579721133442,0.041583894719881775,0.05741496644315567,0.24674809682566354,0.110172971788191,4,2,7,3
demo-0054,Quiet 54,Demo Artist 6,folk,2017,anxiety_darkness,0.6485463071009516,0.7597646798249326,anxiety_darkness,romance_new,none,none,A demo lyric about anxiety darkness.,acoustic,F,222,39,118.90934819573846,74.23828271666426,0.6485463071009516,0.6136500062831834,1882.7460637436309,3805.58849608794,0.46219057768949656,0.7030839967700748,0.14420248769050262,0.819838116062644,0.7327829314693597,0.6937181793153159,0.13975656240782564,1.8907250260888961,2.0453232619670603,1.7316604442365175,2.465170492728666,1.5878676370807274,1.8920109373657568,1.8038374256375629,1.4084599805817921,0.9691781718703527,3.714152615791911,0.003216464956547857,0.032246679275025364,0.05929513406755012,0.045984191332359425,0.05478664318931415,0.18411807242522832,0.00360421980815435,0.22663186844834463,0.035035621356077296,0.034394392319534915,0.11727435173347257,0.20341236108839109,2,0,8,0
demo-0055,Neon 55,Demo Artist 7,r&b,2018,social,0.6491843107499963,0.9162731886536855,social,bittersweet,none,none,A demo lyric about social.,punchy,F#,307,41,122.77533539916774,78.90556842039432,0.6491843107499963,0.6071759907182408,2229.8220527168496,4205.788534118316,0.5022020209834567,0.749556366510563,0.16259859708332147,0.7930201214237863,0.46652568126579874,0.3281876486758142,2.365153378809769,-0.8018883150516891,2.00541052696126,1.3219169422461754,3.10824660687991,1.306531790846124,2.459484214251896,1.4030861587622083,1.9137481534861434,2.536836530920051,1.3374442836754197,0.05461342163495771,0.3688118022113242,0.013388692880783454,0.008014983463742426,0.05340438342365505,0.03564654082447285,0.0922417739950689,0.024976888569099014,0.17235771078053527,0.14608494958158558,0.018474650165197944,0.01198420246957787,6,3,9,4
demo-0056,Endless 56,Demo Artist 8,classical,2019,joy_celebration,0.592715966590152,0.8516305005331244,joy_celebration,nostalgia_memory,none,none,A demo lyric about joy celebration.,warm,G,258,79,131.43028345025857,62.303542668193515,0.592715966590152,0.7666486508526195,2310.856827732533,4114.161602204373,0.40959209554546666,0.5683906646269976,0.1410599084716997,0.972235994199565,2.372862518025773,2.4796875806139838,1.7909776348037505,1.9271289175565638,3.0645506822393336,2.0676628813047846,2.630693938024733,1.9039957021549843,1.7578471092679528,0.6930858343981381,0.12225093763287198,1.8384380989335982,2.1564966919932327,0.016998402778524102,0.05197308362493757,0.06418684496737105,0.08888340828849856,0.04686391691179162,0.00847192831766762,0.0011649285851801714,0.04902526220654646,0.15591293931891156,0.34398402488077795,0.12900029318571493,0.0435349669340785,0,4,10,2
demo-0057,Midnight 57,Demo Artist 9,pop,2020,social,0.6656083178514309,0.4564906944373349,social,bittersweet,none,none,A demo lyric about social.,bright,G#,226,91,81.55011160277954,40.61383739491588,0.6656083178514309,0.307567402636616,994.1626459358024,2356.748098665995,0.379321005466278,0.3157311716056216,0.13086985712029106,0.8256658730712262,-1.7144858954961215,-0.7138194972187111,0.7718742923698284,-0.279676831132893,-0.5120614193191271,1.4008818603129667,-1.0472871463838105,-0.7981533577548339,0.21138647504826755,0.39045493205388226,0.4963430343407315,0.9112380445689469,0.19857862068151685,0.09953706067716349,0.06772257562767693,0.33953660413876563,0.0034262973566456917,0.03850724709927287,0.06107021173631143,0.11006938995910591,0.03170397304095681,0.04526777538206429,0.03221448515558022,0.13912750501001367,0.03181687481644299,5,1,11,4
demo-0058,Golden 58,Demo Artist 10,rock,2021,joy_celebration,0.45809817771670114,0.708566158386877,joy_celebration,nostalgia_memory,none,none,A demo lyric about joy celebration.,dark,A,227,85,83.78401531279506,67.47830368568482,0.45809817771670114,0.5470276095337732,1064.6352849922228,2578.3360600176084,0.3801791382660527,0.6572068000996836,0.11497867820793316,0.884630406230773,0.6190948340235742,1.559114849334736,0.20503468940732825,-0.032168529839005366,3.0039851072793864,0.6942376494420308,-0.41948154597854764,-0.39426376224806886,-0.6426799145313404,1.2365693558567878,-0.06437729289324184,0.4273624756564856,0.23649132556173127,0.09514168677400638,0.03138153823070185,0.3594771596922995,0.1151211883883986,0.003780414596630638,0.0613097269786362,0.09274980848373142,0.009543762074478603,0.13216363738228215,0.017191583283202732,0.01631807325840021,0.06582142085723186,7,2,0,2
demo-0059,Electric 59,Demo Artist 11,hip-hop,2022,empowerment,0.39839947005430987,0.645787498614678,empowerment,spirituality,none,none,A demo lyric about empowerment.,acoustic,A#,293,29,77.32619116871875,54.60105849232819,0.39839947005430987,0.36092987352983136,1246.0589898990572,2686.8524679711154,0.3383625128594431,0.5310279317205137,0.09566792569421191,0.8335042367537414,0.6516983214286146,1.0810286647636553,1.1077284516382524,1.2030068534266765,0.22659106317611766,2.7211434026336674,0.8344311164820977,-1.262484752624795,-0.4023757457662175,-1.1405029890278158,0.6173346291513073,0.4781947759466664,0.13157430210054216,0.027448584329572832,0.03591617536113958,0.08530885320798971,0.044845663498019515,0.03652996124214895,0.06506445316422385,0.11170859127922812,0.027071540758594376,0.059333101461177845,0.09205426875597518,0.3023676144223386,0.11235119251959148,3,0,1,1
demo-0060,Velvet 60,Demo Artist 12,electronic,2023,loss_longing,0.18585126451417633,0.472519780058267,loss_longing,self_identity,none,none,A demo lyric about loss longing.,punchy,B,196,67,107.64684963960697,46.52557781694632,0.18585126451417633,0.45645218211782,1475.261256466157,3238.778021236175,0.5916267374616282,0.4435457565065189,0.14580786953932345,0.8979585341155973,2.191686465658673,2.678320906719822,0.033583861340561016,0.9138982093325111,0.9112776966186601,0.8019264314674923,0.25073708038986375,-0.5855620032310715,0.9926794460290037,0.1316443404520874,0.9859934807476249,0.10595645830114653,-0.1996583458443415,0.00034064816554066986,0.3294253395795633,0.014462723024957658,0.12018212121002042,0.01641281588149299,0.03085497949705032,0.07023707197234996,0.018951466522003396,0.16565681682122727,0.010509466067563852,0.004742089690893394,0.21822446156733682,1,3,2,3
demo-0061,Northern 61,Demo Artist 13,jazz,2024,anxiety_darkness,0.7277994794845367,0.5547790528976654,anxiety_darkness,romance_new,none,none,A demo lyric about anxiety darkness.,warm,C,181,97,100.55205112934561,57.91769103947134,0.7277994794845367,0.4285062012507063,1853.111234507975,3568.6134441488466,0.40692220690270076,0.5000685595883675,0.12510753287122875,0.7945295563150729,2.365672089883819,0.16341802513034298,1.1154801184885266,1.875144659894898,-1.1812673401219207,2.2337861679388995,0.01754942779356261,1.5319954934569346,1.446683149610744,2.284586391463845,1.7509243808935402,-1.1772904917299811,0.4152207528440086,0.10186871953080617,0.05406628287525633,0.028045966638351575,0.08325509422405179,0.005595065906474949,0.32020782674051057,0.10233259597707228,0.17450042926998158,0.0010842490714138662,0.008730724968364096,0.11804529131458169,0.0022677534831350475,4,4,3,0
demo-0062,Quiet 62,Demo Artist 14,folk,2025,social,0.40489761069500824,0.5629769681385569,social,bittersweet,none,none,A demo lyric about social.,bright,C#,169,35,110.62769765577298,66.52240371555011,0.40489761069500824,0.4412685421496803,2098.2296865972326,3802.404006477861,0.6657410733436588,0.6790719709164694,0.1591711827242434,0.8363009247714517,2.197488311921,3.7774304485560983,2.471006335959188,-0.08033931784553494,1.9466615152789033,2.641480768103218,2.702700806536146,1.0733950169409003,2.6649444451881275,2.4277423995512053,4.07251743696973,0.7499982637514885,0.9925994235995748,0.0019487444176050429,0.02298391694496525,0.19749457758204195,0.022943764516517185,0.1277847188305941,0.008427414923482875,0.06068938048222109,0.10212451895794686,0.1820114672707197,0.11209787579706039,0.0048101435725123294,0.15668347670433339,2,1,4,4
demo-0063,Neon 63,Demo Artist 15,r&b,1995,joy_celebration,0.6095027705522851,0.7479841344826195,joy_celebration,nostalgia_memory,none,none,A demo lyric about joy celebration.,dark,D,167,73,125.93066346920035,74.35089864720274,0.6095027705522851,0.6369371633498144,2208.5978782709612,4522.189524315583,0.45944045868568373,0.7644822311146898,0.18515557901738885,0.914025328094428,1.811716417719365,-0.5833887029573619,2.316702818648466,-0.4194742586230529,3.269937230941231,1.9694738711932605,2.799674019871989,0.8978888618189487,0.24749252669994548,2.060754384141167,1.7663965600438578,1.3084591738428342,1.8846612807327636,0.36966870548077196,0.01610888065186714,0.01835092210098267,0.022801091470797438,0.20420502993321873,0.10278029923503135,0.09742059521623822,0.0010037878140860977,0.06399337532939295,0.07038296871643068,0.028451155835911436,0.004833188215271402,6,2,5,2
demo-0064,Endless 64,Demo Artist 16,classical,1996,empowerment,0.4021232496515167,0.9096629468984654,empowerment,spirituality,none,none,A demo lyric about empowerment.,acoustic,D#,260,80,132.58045026022003,85.99348418487877,0.4021232496515167,0.6251852335574146,2107.6269625499317,4467.014603462105,0.5485985384408216,0.9203980702700565,0.20142671632164738,0.9569998484998947,1.1019764067061222,1.7477349650502307,2.5803342958813795,4.6319046777421775,3.580099203713916,3.2193971619983803,1.7122120444507094,1.2168003688448756,2.8889078833832396,0.99933873576564,1.8615636490196974,1.9852220509980774,3.692912089122808,0.03282918208787375,0.2514819646511979,0.0030996954547530464,0.04421358060019989,0.048575820405863904,0.04957791446718206,0.13454676739581942,0.056907780213388354,0.14953996880701054,0.031568254786853725,0.03283842421081746,0.16482064691903986,0,0,6,1
demo-0065,Midnight 65,Demo Artist 17,pop,1997,joy_celebration,0.5534844274605388,0.24679076532292651,joy_celebration,nostalgia_memory,none,none,A demo lyric about joy celebration.,punchy,E,257,80,59.31323521224374,15.694319488760339,0.5534844274605388,0.35647757973590527,700.8134542296375,2255.5838698326697,0.366880426288676,0.09895123059925512,0.0911617996584062,0.7816702443572741,-0.6442082503864482,0.5887032782151507,-0.44606937845883377,0.980190871671822,0.28117316564347944,-0.697557206596308,-0.8659398838322859,-1.6474962990474387,0.2907331778668224,-0.3545875472513581,-2.3721955280635143,-0.5357148727694001,-0.901034029254952,0.08353961893874243,0.024876903866051247,0.23959537029961636,0.11254217382764782,0.08071738153419573,0.056632822160299884,0.015283347135834239,0.08930075532992664,0.05573882336272462,0.13139713441758774,0.02998378889072323,0.08039188023665027,5,3,7,2
demo-0066,Golden 66,Demo Artist 18,rock,1998,empowerment,0.35807494333881235,0.4484155312251122,empowerment,spirituality,none,none,A demo lyric about empowerment.,warm,F,175,49,78.38521221481349,35.77123894199912,0.35807494333881235,0.3586530621013259,1328.6466265611411,2246.004130465543,0.6541371605830733,0.3067966128019283,0.11204944734206314,0.7757380952599726,-0.6580116007012293,-0.683101927658275,0.5764143642537545,1.2955393281626821,0.17026379681149678,0.3701131587332164,0.8711740662910472,-0.6716187730129599,1.039692508412923,1.1193430970597469,2.90362629875041,-0.07610419055958229,-0.15808180166812763,0.24905205586987358,0.022703747596737402,0.039963161981208396,0.006409986793240765,0.1471815734845796,0.06660319347055972,0.11254176122126777,0.09687245063452624,0.12333802651815809,0.056033441860846446,0.026422492583304306,0.05287810798569772,7,4,8,1
demo-0067,Electric 67,Demo Artist 19,hip-hop,1999,loss_longing,0.09494658254400502,0.3065015713056713,loss_longing,self_identity,none,none,A demo lyric about loss longing.,bright,F#,153,38,85.37796032143036,31.8870431995264,0.09494658254400502,0.358073129201436,1267.139056698241,3078.050779674162,0.5992921384145775,0.3196769027590642,0.11077947438838325,0.7566767343376979,0.9277464699519495,1.1841690733522903,-0.30761750610060046,0.6364807556142315,-1.4316195686630269,0.811713784170597,1.362149241958686,0.31993137311912456,2.4165269961401052,-0.2812384474360504,0.8174404153032613,0.5641752533340445,0.49970233255659163,0.06133176666318719,0.03692268520706031,0.2203070695164714,0.17619293814943093,0.05834103163769777,0.08613206267028292,0.03978099002955283,0.03613116018447822,0.01735311123339618,0.11919861724591624,0.05049792034124843,0.09781064712127767,3,1,9,3
demo-0068,Velvet 68,Demo Artist 20,electronic,2000,anxiety_darkness,0.6245965207354074,0.4715040987838471,anxiety_darkness,romance_new,none,none,A demo lyric about anxiety darkness.,dark,G,237,75,103.42461429620195,51.5349933443433,0.6245965207354074,0.49991308789400235,1651.0402027145806,3247.201619064716,0.6826587781176705,0.5613211172757823,0.16043400905473917,0.8358796083906255,1.8052594014939545,0.5928729269142146,0.29853918844099403,2.6067676404189735,1.1162046763226878,1.704880565862379,1.0237400144113902,0.31348434908003564,0.9109828925824013,2.335994017767714,1.4552400742794238,-0.8114731597304592,0.6847555434238453,0.0822755248775191,0.18163128847423785,0.057999379093473094,0.011077830508078357,0.14809435988835046,0.019020655336421687,0.10968321181597133,0.004257881087212632,0.18411147252005525,0.07302719388425194,0.025594114203528962,0.1032270883108993,1,2,10,0
demo-0069,Northern 69,Demo Artist 21,jazz,2001,social,0.6695745540389879,0.6667046187137583,social,bittersweet,none,none,A demo lyric about social.,acoustic,G#,274,72,115.36512096167412,65.50634342869107,0.6695745540389879,0.4707725734318533,1545.3689847803748,3590.599222120645,0.5946857492100721,0.679075491912499,0.1481545673923608,0.7679459621662452,1.9874827043855252,1.154441873245459,0.7128864391848219,0.8881086877446001,3.220639698775832,-0.5349760820454328,1.6997881042957987,-0.47911042762371725,1.0917666616770267,0.7663725148458123,-0.8850282966798779,1.589037590433763,0.819961937807804,0.06619173812288139,0.050098110188201435,0.22435111110362765,0.14266928558582637,0.031447858617639185,0.039340815612914845,0.264590486029571,0.0231339458747789,0.04274695298167198,0.03829148309876315,0.0022632051630168755,0.07487500762110717,4,0,11,4
demo-0070,Quiet 70,Demo Artist 22,folk,2002,joy_celebration,0.6818393460783512,0.7575181724185563,joy_celebration,nostalgia_memory,none,none,A demo lyric about joy celebration.,punchy,A,244,59,116.46331784102964,70.6323279154493,0.6818393460783512,0.5941425340812942,1995.752566809717,3653.1512033628023,0.3554337219148417,0.7696385070129613,0.1774468468573304,0.700889368441265,2.4679988045538646,1.4130400243939791,1.8398085744904304,1.9602186394350634,2.4943504681243183,1.582718201863189,2.910161995301936,1.8094128397599247,2.124184272469533,0.6667374084627535,3.658659010704834,1.9698249232049663,2.2129974253450992,0.11995001867052585,0.11213008996527785,0.1278148558623008,0.01934512688760114,0.10063580114985182,0.02045870670822768,0.03193897831835508,0.042438052277196575,0.15534437916839422,0.07722738634077428,0.07711878690950852,0.11559781774198602,2,3,0,2
demo-0071,Neon 71,Demo Artist 23,r&b,2003,empowerment,0.3342801263681514,0.657032207029625,empowerment,spirituality,none,none,A demo lyric about empowerment.,warm,A#,268,65,109.65572320088722,59.08583830599272,0.3342801263681514,0.7258976741635033,2087.6426024919597,4049.399317674349,0.22147843970897513,0.5569094173423281,0.159848654067377,0.8930377857622893,1.028769833765361,3.4573761202324964,1.1154439758201993,1.116908198414825,3.337357551897802,2.011460152363917,1.247975270988423,1.6448668688194064,3.153073577542059,3.266202819625682,0.9832068207297439,1.7575661899208916,1.8901568276675729,0.1372225518809153,0.05119798010675083,0.0910406236633362,0.10724210310318888,0.09162430191314942,0.033339042220546025,0.05989033874399219,0.002736337852965946,0.10221902688449018,0.14267097003236226,0.16414567706745592,0.016671046530846886,6,4,1,1
demo-0072,Endless 72,Demo Artist 24,classical,2004,loss_longing,0.12244811378091035,0.6829042844853225,loss_longing,self_identity,none,none,A demo lyric about loss longing.,bright,B,153,57,129.74862816685362,75.94512215156942,0.12244811378091035,0.8512283275118648,2308.3636487142107,4492.416936203669,0.8589015084527363,0.7065818842825302,0.1320437100020045,0.9286590131287233,1.2731908946069264,2.0792936358937664,1.514081789548415,2.3681627809553163,1.149463792814258,1.920059912116694,2.5498153265565344,1.0916911137257381,1.3999159703541113,1.7526171664014683,0.6711845657737219,1.6774390172012537,2.218796539902902,0.21600513773991564,0.17562731717597993,0.00013999836353485067,0.03546135227901339,0.016972690432361697,0.013455804945811767,0.13939588150499863,0.09942918218106468,0.052392802096574605,0.12895361113352147,0.11465253917947218,0.007513682967751087,0,1,2,3
demo-0073,Midnight 73,Demo Artist 1,pop,2005,empowerment,0.3863196505157567,0.23581935480755906,empowerment,spirituality,none,none,A demo lyric about empowerment.,dark,C,184,81,82.96507844894266,13.71902553428383,0.3863196505157567,0.2447907567078443,721.7353008573272,2225.410423389875,0.23652849188805292,0.12520170469815872,0.12573684525291007,0.609023709425372,-1.2794967959138979,-1.0320322451615775,-0.06331985971095996,-0.36571678564620924,1.3991363816960873,0.9543483290916974,0.49527294606859795,0.14563031434388482,0.3932297769848273,-0.861982355313375,0.8572103535566122,-1.112044254359201,0.8353769939022309,0.08939658971960664,0.300691685462084,0.11074156668102174,0.06273774017986665,0.03695557295185934,0.1465831073335434,0.00734448205411238,0.05248532549401428,0.11577400718558876,0.03175994336305572,0.03834199601696669,0.007187983558280553,5,2,3,1
demo-0074,Golden 74,Demo Artist 2,rock,2006,loss_longing,0.2831495235934843,0.34254755983147633,loss_longing,self_identity,none,none,A demo lyric about loss longing.,acoustic,C#,164,71,93.31943758894593,42.943032407420816,0.2831495235934843,0.22123108024502436,1131.5576016936063,2414.631869644852,0.44439344232903427,0.38418994891348707,0.10660898568599111,0.9841255614426905,-0.9644303611772136,-0.8696100024788274,-1.0019345701635045,2.0274182866281008,-0.16233970552128696,0.2743609396523258,-0.1027829411062397,-0.6444228784030914,0.06484935338556458,2.75824360573656,1.692070920974255,-0.5529378177922724,0.9475741030616858,0.025562781072800873,0.09680484133404965,0.0211398305068038,0.1263113163361004,0.03621696147719275,0.03862349721316561,0.02600188519971694,0.006765092340719115,0.021469900149736165,0.23883313350538737,0.07563071696810407,0.2866400438962234,7,0,4,3
demo-0075,Electric 75,Demo Artist 3,hip-hop,2007,anxiety_darkness,0.8511007505340782,0.3528127409265966,anxiety_darkness,romance_new,none,none,A demo lyric about anxiety darkness.,punchy,D,257,74,97.97580399775205,32.62894053159012,0.8511007505340782,0.36444278064597174,1125.9648719802065,2743.966485377082,0.6333690976290511,0.29918921013960265,0.10611913352284717,0.6178649658075361,2.352647554550939,1.4257136414253098,1.3698959812747644,1.5677253867794736,1.1767083615434015,0.3556711448204709,0.4362358958777983,0.17243563540787515,3.234740754415,1.1559120312994424,0.13619955864856542,1.0654967741662797,-0.4108689178563175,0.007670842968373078,0.011266930813094754,0.004983454637490294,0.01987292649292177,0.0007129270447169759,0.1695994924526767,0.0305446729430588,0.1292434247280012,0.14447995409646883,0.1433159797412605,0.05360638572929447,0.28470300835264256,3,3,5,0
demo-0076,Velvet 76,Demo Artist 4,electronic,2008,social,0.6086961922510792,0.5237341021298451,social,bittersweet,none,none,A demo lyric about social.,warm,D#,181,79,94.41719176132273,43.57044476740673,0.6086961922510792,0.5248263342585805,1499.097456130825,3263.20524463113,0.4034658312574028,0.42272374610677854,0.14939608974783491,0.8874277678919065,-0.0819098459508033,0.04447354709142415,1.0087021528134095,2.6261323746695098,-1.0155651644689943,1.1783329395705042,-0.47604333157314827,0.26566900647445435,0.5355715819357585,0.479491656563109,0.36620406034079145,0.9072070603763701,0.36474443336942153,0.011423530923547288,0.09412214466588148,0.012830758911869257,0.15747097916192748,0.027082432814605404,0.0038865118245639554,0.24407833590490105,0.034957327423083,0.0011589538576863637,0.17108547270757649,0.10672544913210986,0.13517810267224828,1,4,6,4
demo-0077,Northern 77,Demo Artist 5,jazz,2009,joy_celebration,0.4267819423077341,0.9677251042335528,joy_celebration,nostalgia_memory,none,none,A demo lyric about joy celebration.,bright,E,214,36,99.03447818526554,88.92712406873588,0.4267819423077341,0.5794614235071279,1727.0959506880724,3579.7794008338306,0.5346008453570938,0.949088214955871,0.14150799086292126,0.7832125930573689,2.29606423305718,1.7803959648586032,1.931813394320888,0.5354133277414032,0.1547372186015259,0.6322778567472984,0.5791786143194113,1.9861992686529142,2.1759840502940517,1.0448697104675997,2.6309190188243523,2.5684693937651297,1.4433989164005392,0.11804265234461304,0.13765238572164287,0.011209751770385443,0.10741481310487144,0.003655987693179536,0.23005057591036618,0.054038834358172305,0.09650561237410718,0.09549924626021161,0.07848959846937113,0.0653514696514967,0.002089072341582474,4,1,7,2
demo-0078,Quiet 78,Demo Artist 6,folk,2010,empowerment,0.3551671725554577,0.8792970110910574,empowerment,spirituality,none,none,A demo lyric about empowerment.,dark,F,275,57,109.57990763446587,83.35176174760754,0.3551671725554577,0.5141107416689946,1722.5944980062543,3821.0564421243,0.163575856758435,0.767407819171703,0.13925612411973165,0.7168714164048924,1.8964085022070676,1.80558019190248,2.393798745935457,2.252383732712678,2.640812789361381,1.4980815999909458,1.8034669008166697,2.011513701919191,1.6416566973910256,1.1028056900829262,1.1675574656602299,0.6824416016700345,1.9216168299098295,0.0009230698356753455,0.06107470802018595,0.09279653612108134,0.07587055095355728,0.15270128009898998,0.017351095733134994,0.2067345635426403,0.05556006032548941,0.05786516142415698,0.04140174887970039,0.17728576006211394,0.06043546500327401,2,2,8,1
demo-0079,Neon 79,Demo Artist 7,r&b,2011,loss_longing,0.15703224083471096,0.7998347474895928,loss_longing,self_identity,none,none,A demo lyric about loss longing.,acoustic,F#,190,30,132.14071378232092,83.2546674706296,0.15703224083471096,0.6616029832693049,2016.1059448625724,4217.897860740192,0.4272515413607414,0.9269428732827693,0.1599776055600422,0.5764964502101334,2.1573649721556736,3.7445977922602283,3.375920288545389,3.6309542887565653,0.7802398146185363,2.7121523959767786,1.078005460263288,2.0242893994169244,0.5270475712602674,1.1555442351172835,1.1237533026363846,2.698555280142616,2.6007191216696555,0.04705901975982706,0.06223396952235628,0.0809140133337642,0.025322854160589034,0.08731011328140184,0.01592495629412245,0.22619438209928033,0.11406607746317532,0.05638425817011419,0.09967203920712918,0.014752840675337754,0.17016547603290233,6,0,9,3
demo-0080,Endless 80,Demo Artist 8,classical,2012,anxiety_darkness,0.9314128234748987,0.7811258414472526,anxiety_darkness,romance_new,none,none,A demo lyric about anxiety darkness.,punchy,G,271,80,128.6527752714882,67.99130458081865,0.9314128234748987,0.70943190297495,2397.259535806496,4728.008510637529,0.563370113635584,0.7162144974601435,0.19338540218140343,0.6830323998975582,2.8548618924740428,1.8054312453383887,-0.4160951957727659,-0.028169541985811897,1.0818823884813145,2.6312232285925816,2.2137995653402966,2.284366707175664,4.050943482686693,0.8309103851401878,2.0725666458162766,2.4044355228138157,1.3637268834616645,0.040948487459269975,0.06698014089236683,0.04335638811285879,0.000619722042468753,0.005405190150517297,0.13510609344755042,0.0816698924807023,0.07801707573626546,0.12436287348453075,0.06984176307980497,0.21817440531016163,0.13551796780350273,0,3,10,0
demo-0081,Midnight 81,Demo Artist 9,pop,2013,loss_longing,0.18999644673120927,0.20708106964560932,loss_longing,self_identity,none,none,A demo lyric about loss longing.,warm,G#,276,39,74.28215384070705,25.58889789301784,0.18999644673120927,0.42361857213572474,876.5253203030774,2246.6717754762835,0.3017953892532096,0.2335353493367852,0.10421069341578494,0.9586003830959867,0.22198277767627117,1.3837203611929991,0.6407291102029202,1.6274013394646858,-0.059042217305055426,2.390222710651804,-0.485396202914123,-0.766461834197669,-1.2100528496890341,2.3310246715580702,0.8194475726178976,-0.33412073338030845,1.249022696873495,0.0728138977152491,0.0330838843232743,0.33136247741615393,0.10417833674433286,0.06047216364521478,0.13102282225799292,0.01478992540889283,0.03486930295755759,0.01862083956817124,0.01967965825028835,0.12621759167142307,0.05288910004144887,5,4,11,3
demo-0082,Golden 82,Demo Artist 10,rock,2014,anxiety_darkness,0.8789797882386728,0.37890265834206754,anxiety_darkness,romance_new,none,none,A demo lyric about anxiety darkness.,bright,A,224,56,91.45751416193093,42.423970036687955,0.8789797882386728,0.39029114590704284,864.6326084394216,2299.4294760955604,0.7251853795740815,0.44433611452082017,0.09475608137925502,0.7829590342765018,0.31323667280167017,1.0357333602801637,-1.0582633948587894,-0.5409491386704581,0.5729557548633888,0.20016541950454966,0.8718591826367099,-0.9295073973595978,0.6571286762713211,1.3915836193774722,0.7868185471492835,0.4391117397615919,0.2041163974340291,0.1659959070013539,0.22981430931651906,0.09035049774171258,0.08946476619293824,0.02483294600709105,0.0805689750760503,0.13101592686824262,0.07110536561649661,0.01078678326712186,0.007565461915228945,0.05920563147945003,0.03929342951779484,7,1,0,0
demo-0083,Electric 83,Demo Artist 11,hip-hop,2015,social,0.5752608748681631,0.5172202911985815,social,bittersweet,none,none,A demo lyric about social.,dark,A#,190,30,87.39059714208469,58.95030469246833,0.5752608748681631,0.32893386184312456,1266.9969846992408,2754.587671948573,0.3992228390358191,0.573713572616933,0.14356901700636662,0.8199238041249239,3.0718090760554695,0.7705081860196493,0.30993422606274823,0.6041328826548661,0.85649197844354,1.0352539571710637,2.676711325859024,-0.24532046497756865,1.4590460581777356,0.8077505976141238,-0.9710977425706177,1.3706987820947631,1.8676235608039047,0.10298223649551251,0.00013387230655015312,0.38477687313035597,0.1768561656777315,0.003283364920319372,0.02853838748265407,0.03007485005686278,0.013309664507027204,0.008944580813820895,0.07847864824470635,0.013161248949450649,0.15946010741500852,3,2,1,4
demo-0084,Velvet 84,Demo Artist 12,electronic,2016,joy_celebration,0.5123263993719095,0.49890895773803656,joy_celebration,nostalgia_memory,none,none,A demo lyric about joy celebration.,acoustic,B,162,68,93.67950623710702,42.135617447818014,0.5123263993719095,0.5549901573535718,1435.902924783551,3488.717682443224,0.32993434618704076,0.4877801150177667,0.11687027786362553,1.0,1.4913207288524841,-0.11601652940822205,0.3777615204574931,1.6811812052237416,1.9526444176155613,0.8292844082755373,0.9446582809634663,1.6583530326440654,1.0317984270108198,-0.39350485933837587,0.08702597535981926,1.135119943151665,2.1154824164976933,0.20768459830861166,0.07455041801942605,0.006020810985950345,0.08661487881165453,0.023674664193817377,0.005001948209071525,0.040526897013648165,0.15362709503462355,0.18155280807591634,0.10772040675454202,0.090675922167363,0.0223495524253753,1,0,2,2
demo-0085,Northern 85,Demo Artist 13,jazz,2017,empowerment,0.3945293332542043,0.6157026648606654,empowerment,spirituality,none,none,A demo lyric about empowerment.,punchy,C,199,93,101.19084477850912,61.911731255886345,0.3945293332542043,0.5695764740511304,1820.210122234321,3359.4573429470033,0.5077748148489271,0.5879371870773955,0.12946986606967772,0.6875070644897846,2.4657749251665555,2.2656851747200477,1.737433854227337,3.172195951943814,1.0107543034316082,4.231762415110635,0.9724705846367796,1.4551933517560163,0.8022220860597917,1.572325560060305,2.0356149278862445,1.086083606946916,2.9767198471176206,0.04406001159314085,0.0025295884964753866,0.22620191686114935,0.06024831096759814,0.18301032366140613,0.02222689525980993,0.07470438957074578,0.007858725331069126,0.08800613813243206,0.04736595643453619,0.1552581904464262,0.08852955324521096,4,3,3,1
demo-0086,Quiet 86,Demo Artist 14,folk,2018,loss_longing,0.14841117546901364,0.7584289816933066,loss_longing,self_identity,none,none,A demo lyric about loss longing.,warm,C#,301,65,110.0428561358879,73.1193746213183,0.14841117546901364,0.5265832820399792,1807.3933374482076,3991.5577079944414,0.6032917551468332,0.7800270147120895,0.15078626132048595,0.8776807698865147,-0.2612894046425449,2.363087518045355,1.6771198300050303,2.127109600149166,1.8800232990486132,0.5129448454631134,0.001960224608953398,0.7879458338170368,2.064917281272912,2.190091415175395,0.1320577226181372,0.5189006325317854,0.7767643140591607,0.04916388657226681,0.136164985327223,0.014694142501778883,0.022357933286988672,0.008337593008236428,0.188221014285315,0.007290029739920403,0.23498766935680623,0.038317904536335705,0.12128724938130978,0.10537202261135498,0.07380556939246408,2,4,4,3
demo-0087,Neon 87,Demo Artist 15,r&b,2019,anxiety_darkness,0.893079665144518,0.616663470779266,anxiety_darkness,romance_new,none,none,A demo lyric about anxiety darkness.,bright,D,172,45,126.43172312901758,64.11596370969897,0.893079665144518,0.632572427767213,2217.562863671704,4177.680912492287,0.6531324231503711,0.6137423602037388,0.1608241213356324,0.7938484320395363,2.5041481416397846,0.7748208055558241,2.816977048237856,2.266328772170416,0.4830749263670535,3.0082628254805,4.0340930807977315,2.8018339695494077,3.226984767226469,1.8853713816025879,0.1384950802614897,-0.044120451167525054,2.0550820438677584,0.3168447651605753,0.0405122071170106,0.04992917728435215,0.007585207165568131,0.004860132684915463,0.005531856478458046,0.060144955273941876,0.005034104182473166,0.25452763838168774,0.05271953427831555,0.051282068229302785,0.1510283537633991,6,1,5,0
demo-0088,Endless 88,Demo Artist 16,classical,2020,social,0.7227327681771101,0.7668263293655662,social,bittersweet,none,none,A demo lyric about social.,dark,D#,288,28,124.17845508292145,85.89538120382026,0.7227327681771101,0.7407633412457231,2400.9895424396673,4527.322060596524,0.5505435014090285,0.8167633131119665,0.1430026517540857,0.8872348679961769,2.2858345775189157,3.249376840957818,2.055267065812132,0.6948356393230397,3.066129681004106,1.729629390338893,2.442003457421021,1.4525405715204809,3.7443017102336906,1.2234351758168032,1.7625702458938255,2.2074487026973166,1.007817672913042,0.04259846695627188,0.04699795563540555,0.12213261160751354,0.03286377521584289,0.054455539536194864,0.027095051805014123,0.029494108708262388,0.30810054493221267,0.04474756069180842,0.2504548463387306,0.03779313109372348,0.003266407479019499,0,2,6,4
demo-0089,Midnight 89,Demo Artist 17,pop,2021,anxiety_darkness,0.7094410847938432,0.19686957427780813,anxiety_darkness,romance_new,none,none,A demo lyric about anxiety darkness.,acoustic,E,182,59,68.86947720307435,11.998209538819083,0.7094410847938432,0.2680223954968189,1109.2346240749878,2338.3486777893463,0.4164244209420351,0.1852077802439684,0.08518968358997761,0.9009099803734006,-1.3588772459230156,1.0732578317891572,-0.4061336454709856,-1.0285042409412697,-0.21714361307631405,0.27734417972021486,-0.49474843052571216,0.5539535059953238,-0.5829938836640675,0.6203723939313579,0.44222206203659953,-0.06092305470793503,-0.4413823123659498,0.0011780574022866434,0.17279647046145485,0.03486178770077189,0.06321427606264274,0.009979031931186544,0.18444337795234153,0.10045717469957521,0.05845481720800376,0.021434144445360622,0.0642705106397654,0.07334013269726361,0.21557021879934718,5,0,7,0
demo-0090,Golden 90,Demo Artist 18,rock,2022,social,0.636066035022304,0.4987715513042917,social,bittersweet,none,none,A demo lyric about social.,punchy,F,213,75,89.90520590963311,48.77136772663474,0.636066035022304,0.3470623197567002,1029.6005883746134,2724.349451697574,0.6160836771364798,0.4074008363515783,0.10373692122183438,0.8165515462016762,1.0788297171210313,1.2101014949397713,0.5839060011754735,0.8852475313588559,0.3641368023781536,-0.37385168818056064,0.038735608958746004,0.3189911866401083,0.2653207499814101,-1.5855729044434705,-0.09748333492943123,0.35620565308915186,0.01863000809429899,0.018568049985864452,0.008141736838497326,0.08868373232169201,0.08706018730904257,0.2965399143112879,0.010226117606836312,0.04051134437837787,0.22369443647319392,0.08025172732858503,0.1340761457877854,0.010265723037943288,0.0019808846208940506,7,3,8,4
demo-0091,Electric 91,Demo Artist 19,hip-hop,2023,joy_celebration,0.42663608428313915,0.5399119933572043,joy_celebration,nostalgia_memory,none,none,A demo lyric about joy celebration.,warm,F#,260,93,97.60536762642927,53.471654635314486,0.42663608428313915,0.3555425466709766,1278.5811759308522,2353.3128175867987,0.4067807048633339,0.5084958017045927,0.09960830983665114,0.8165612150232652,0.5440545679547317,-1.6592138775776113,0.8155079693017564,-0.32832413078902745,1.0856889591905152,-0.6818512477286655,0.6300065385309401,0.31683667111349406,0.9031018849503303,0.7246972776513468,0.34483582497854554,-0.9362723140442447,-0.8772079634610316,0.15919228142739025,4.6810589477629755e-05,0.003874639106314554,0.06707998457934435,0.16250869603124057,0.08927049029695135,0.000485448068721827,0.09639990449716576,0.11222070914691741,0.30173423780098607,0.00034309109644936153,0.006843707359040952,3,4,9,2
demo-0092,Velvet 92,Demo Artist 20,electronic,2024,empowerment,0.30995054832090774,0.40324867078836263,empowerment,spirituality,none,none,A demo lyric about empowerment.,bright,G,212,44,90.4103806982576,52.718924489590215,0.30995054832090774,0.3418714655100977,1434.5185389995297,2971.523490262038,0.5875679817939422,0.5572438367666168,0.1119224142083825,0.773977136943688,-0.9582426621125355,0.4056600498173058,1.2989819007023455,1.7249378896141025,0.1869529183086861,1.9518548605275197,-0.6156919215134717,-0.3476277991437926,1.609661865637876,2.571121228563247,1.3934319881836954,0.8596576134659875,-1.2951837465222087,0.26622095479690877,0.0833264844022701,0.07981541156831624,0.04076037244882911,0.15886291142637782,0.08078810363525796,0.06561711558601756,0.05130929191358116,0.08494868555088769,0.00014669724587155255,0.0296128092629058,0.058591162162776086,1,1,10,1
demo-0093,Northern 93,Demo Artist 21,jazz,2025,loss_longing,0.42515579626129296,0.5026076926483668,loss_longing,self_identity,none,none,A demo lyric about loss longing.,dark,G#,247,74,111.20076779178078,47.25870943950279,0.42515579626129296,0.6901709180265314,1835.1008894007127,3191.0899237792937,0.7105205577151257,0.45554226542277704,0.1421431014567865,0.6720746027824733,1.7262020181238955,0.5486257099324477,1.3001696379934737,0.9159009946392169,3.125012801735852,3.1822603001455896,1.2465131702147414,1.2639777113688546,0.8265570336504848,2.3060062915027864,0.8710801296666228,0.7786627253543006,2.1785928636649645,0.01090406200896269,0.005731280897657671,0.07114168803505687,0.008262285693334114,0.03961494390066159,0.037028107956981256,0.04255233293784895,0.0790063649660716,0.02598106208972481,0.04667438034578347,0.45566475206284934,0.17743873910506747,4,2,11,3
demo-0094,Quiet 94,Demo Artist 22,folk,1995,anxiety_darkness,0.6869887181919023,0.5570161451293756,anxiety_darkness,romance_new,none,none,A demo lyric about anxiety darkness.,acoustic,A,254,57,118.93162071951673,66.22184735723958,0.6869887181919023,0.7651115628525335,2113.4949892800255,3458.7226641537086,0.7131613907104676,0.7090384944231282,0.11909400108942486,0.7696798383289503,2.5955224114958098,2.050433510934785,0.19090494761201438,2.1107421557961943,-0.6375005960805877,1.2771778242427887,2.6379567694000485,1.51839421557132,1.001062450038054,2.389346253772349,2.4747518150865817,2.81003969286695,2.374342428446387,0.01630439265747777,0.022746223404817006,0.09663675391269483,0.016820428254217826,0.025268223145825153,0.05827331220219593,0.07773534450576251,0.13668990943059178,0.024593883443174567,0.3328895587531439,0.0396413335260591,0.15240063676403948,2,0,0,0
demo-0095,Neon 95,Demo Artist 23,r&b,1996,social,0.6314842561848967,0.8870930956814693,social,bittersweet,none,none,A demo lyric about social.,punchy,A#,250,52,133.57708715262783,83.95178787718545,0.6314842561848967,0.7108674670612745,2017.1419494373974,4149.074437387692,0.7472168242735819,0.8304563270445195,0.16895430060190136,0.8545878837739146,0.7633771008353993,2.310707949213514,0.4061648479653741,1.1743758935986037,2.875722967494192,2.156756290308358,1.495522192253473,2.2464610212451874,1.7399077522448683,1.812578502351833,2.4568185267201375,1.072632259340868,1.8403364055546905,0.0128241617212646,0.060408894579806346,0.09124457578614362,0.07522976205562111,0.12623271467670721,0.0293307509944098,0.0503059747321534,0.05958185203200171,0.1211184637375948,0.2565433838834423,0.11214591395081304,0.005033551850042115,6,3,1,4
demo-0096,Endless 96,Demo Artist 24,classical,1997,joy_celebration,0.39314235925563445,0.9015518886814878,joy_celebration,nostalgia_memory,none,none,A demo lyric about joy celebration.,warm,B,189,42,137.90473962888726,82.65500549415073,0.39314235925563445,0.654866401441111,2391.2459217011897,4503.360531708774,0.47689500251362005,0.8467773145958151,0.16467205849614983,0.7350940246958722,3.7054833827939646,3.1489528663614426,1.3391352549518234,2.6684443055946128,1.357321145298847,0.9153153563376759,3.1338094413989763,0.3959003743525944,3.0268559135765414,1.8472776874269417,1.8884533969194714,2.50975121962329,2.6811988119942525,0.0732760938486244,0.027161865826346533,0.06849189684619368,0.08568884939050363,0.04943000996570966,0.1227159913200033,0.2795689967799955,0.09674836996935461,0.028211284748265508,0.09017095314612128,0.06145313349900662,0.017082554659875238,0,4,2,2
demo-0097,Midnight 97,Demo Artist 1,pop,1998,social,0.6790610463398024,0.43840152753610667,social,bittersweet,none,none,A demo lyric about social.,bright,C,235,24,59.81651585198803,44.41945146425502,0.6790610463398024,0.32717134133706804,922.3263412382627,2300.363651708467,0.2993684460060659,0.47644534910830316,0.14109090189241555,0.8078450130777912,-0.06166531920654083,0.309002356085701,2.032337024710338,-1.023647761699891,0.20320693339390494,-0.7996574222976441,-0.547004720844995,-0.04959030788193934,1.3473232416135588,1.8009906006887368,0.4481421446267063,-0.3765947230234853,2.4927388666385184,0.0318242946186854,0.1318167680659467,0.10124908450797515,0.0867795945419934,0.022832890053767967,0.05956595059342732,0.2025647162104052,0.2523293017361717,0.016493794358629528,0.010713053885436922,0.06911779971860667,0.014712751708954074,5,1,3,4
demo-0098,Golden 98,Demo Artist 2,rock,1999,joy_celebration,0.4968871972171026,0.5559910251727094,joy_celebration,nostalgia_memory,none,none,A demo lyric about joy celebration.,dark,C#,195,43,78.3644793153464,50.43820101598197,0.4968871972171026,0.3229244309099683,887.6726565971667,2675.116528956606,0.6787390421273849,0.46931480267162756,0.11696406031889638,0.7734459525370764,0.6282739620810305,-0.3275772412110292,-0.5834251560876358,1.3520748860237426,0.2361294148755074,2.3221089508534756,0.34630996479413995,-0.6260780403504922,1.526940876435939,0.9308001641460197,1.0268728636964235,1.4906006788679187,-0.35279629384579453,0.053483172684512005,0.13390957979923213,0.12224944973987274,0.09444054666166597,0.10087871135862085,0.08070857523955194,0.08933992019554539,0.03548926362490531,0.08732849070216304,0.035790450442172966,0.12956208277582695,0.03681975677593061,7,2,4,2
demo-0099,Electric 99,Demo Artist 3,hip-hop,2000,empowerment,0.46384761196092955,0.26127883447503775,empowerment,spirituality,none,none,A demo lyric about empowerment.,acoustic,D,266,97,91.41321371557852,29.272306948192014,0.46384761196092955,0.5343625579654752,1350.8033398851703,2993.5818793164335,0.6078639569132505,0.32388762279451866,0.12695868954365422,0.7767149283884416,2.5154346915728603,-0.3069369850959007,0.6043076423431597,0.6148858752075954,1.0024407533435213,0.17052735410549885,0.9147463055895877,0.43115741479703384,-0.9819525174378992,0.6095522862568464,-0.5005653330301517,-1.1343857624489009,0.7368733206893849,0.012386017441088802,0.02357348588401314,0.02793790635482063,0.4738088419513862,0.009843281443537473,0.014716906934898048,0.0015725120022964112,0.06044334439027294,0.12348195818529818,0.1127361740697443,0.06866045796472044,0.07083911337792356,3,0,5,1
demo-0100,Velvet 100,Demo Artist 4,electronic,2001,loss_longing,0.11598623042554318,0.4976271629620928,loss_longing,self_identity,none,none,A demo lyric about loss longing.,punchy,D#,255,85,102.41984833696671,47.62052271626919,0.11598623042554318,0.690118792722952,1692.0204061514414,3289.302619640949,0.48715890533882783,0.3792675958125157,0.10355427208199632,0.9282792856102714,0.11024391987522009,0.20074790183595326,0.7343495243159784,-0.16204625884655477,-0.32676873455163635,0.8495259272185781,0.008470545327963652,0.15898142022110506,0.11880897385299394,1.4223602138344686,0.6678743095046427,0.7214280321061463,1.4969458973088832,0.04593127673188094,0.17262002209124325,0.17621698609498793,0.09401767157721849,0.04129930033829847,0.00483787249132323,0.01642043729825687,0.1680837507913447,0.0089771569609869,0.00476403459687582,0.056606883638660156,0.21022460738892312,1,3,6,3
demo-0101,Northern 101,Demo Artist 5,jazz,2002,anxiety_darkness,0.8557129512658216,0.6703530939796171,anxiety_darkness,romance_new,none,none,A demo lyric about anxiety darkness.,warm,E,299,65,106.19377667243211,59.55443930977944,0.8557129512658216,0.6509594183927071,1767.4152818078785,3593.827714661844,0.542313183625232,0.6078947284720031,0.12528496019499363,0.8701350838344827,4.045294394907639,0.8252049252099167,1.2709947154249481,0.7537947356527376,0.7119800984380654,2.744449478118673,0.5270289822725353,0.7259195266336387,-0.38749282373130134,0.4423882754577526,-0.5083998929533478,1.8318046992119288,3.9996972218373097,0.04921215859451021,0.06392214332837347,0.05145809928378477,0.05403503691816322,0.07371069888433442,0.002184742931487486,0.32061776153224486,0.05164346571865926,0.06642292245959022,0.13105850230732877,0.04922446435989857,0.08651000368162473,4,4,7,0
demo-0102,Quiet 102,Demo Artist 6,folk,2003,social,0.5482515852399291,0.6643843786648944,social,bittersweet,none,none,A demo lyric about social.,bright,F,232,38,111.44702836507588,63.262185048137596,0.5482515852399291,0.6607508167064594,1986.365793951926,3906.2577031375504,0.49024314909217864,0.6911091595306518,0.16849398393539586,0.8446141004247675,2.427545777313543,2.250423554403577,1.0605364866531097,0.15610108830866642,1.9203621258426238,2.046089230831429,2.5904719911385654,0.5636787249547065,0.5935689407228367,1.9599002663077703,1.4288330111469134,-0.3857616105711281,1.8751081637541906,0.06201134125719132,0.01686654377736967,0.02249089560186791,0.006092493392372836,0.0002655832382795876,0.21434959596218628,0.0035799339027035595,0.06473510001483704,0.2573678965121177,0.06912986979960949,0.016385592506794822,0.26672515403466973,2,1,8,4
demo-0103,Neon 103,Demo Artist 7,r&b,2004,joy_celebration,0.3672322529338876,0.6050173682324644,joy_celebration,nostalgia_memory,none,none,A demo lyric about joy celebration.,dark,F#,282,94,122.6007568713063,68.94520707089208,0.3672322529338876,0.634471540755762,2070.15004512229,4080.281906816569,0.545166975065104,0.7385978810320089,0.10749706631806397,0.7168238825737191,1.9590962421890055,1.701136884037714,2.203376242526725,2.0675402861265537,1.4951321370065926,1.2731468040128227,1.5544985102644988,2.9487423498227425,1.0679920670942855,1.7371932768560443,1.983342213998421,3.360350929874458,1.4996917417636866,0.0850703853907022,0.158604404699185,0.024007740572066363,0.1623259698646529,0.11431594595706691,0.0421771716234636,0.029231787263592705,0.1132614327946405,0.0727329528015497,0.016755401631720165,0.05888922644406242,0.1226275809572975,6,2,9,2
demo-0104,Endless 104,Demo Artist 8,classical,2005,empowerment,0.28801824035373114,0.8631488462125011,empowerment,spirituality,none,none,A demo lyric about empowerment.,acoustic,G,189,62,135.62523933491616,74.86609129653573,0.28801824035373114,0.7089562339774773,2331.7592291307833,4409.474452950488,0.292589274455206,0.7442645424943625,0.17592066154085237,0.9850463233843755,2.1859990650052157,-0.2341770422103049,2.0060145672153786,4.839504133108306,2.9663662349850397,1.2891110561914114,2.691106514430557,1.3579865751102598,0.7461924804531426,1.751630636765928,2.1915264392388614,0.2278444975666043,0.9508407094613642,0.11098783048289758,0.07743059582207444,0.0792423857733569,0.09643080069287219,0.18350460590666723,0.070772035175233,0.009533931419327723,0.10116705186620549,0.09112221755594133,0.10590771136256187,0.022982095067566623,0.05091873887529551,0,0,10,1
demo-0105,Midnight 105,Demo Artist 9,pop,2006,joy_celebration,0.5014029521338447,0.3354310740926715,joy_celebration,nostalgia_memory,none,none,A demo lyric about joy celebration.,punchy,G#,308,41,65.30472224014979,41.754295042188694,0.5014029521338447,0.19770320257785026,948.2098703183696,1997.827963224167,0.5479331010085042,0.35245181281083204,0.1059276604023351,0.7511317431037038,1.4066155336506445,0.32371889557906497,1.2357828929941415,-0.7556467164251925,0.056143340244167284,-0.9810871581162783,-0.4136052427444181,-0.2621042227446291,-0.7258582206871392,-1.215502858845695,-1.4135173236526528,-2.339748115707397,-1.0563464635034578,0.02800103240558614,0.052327633499045456,0.2709741358566544,0.15058516356523802,0.029193655381214753,0.07350034056936712,0.04571357321985303,0.002845887328810517,0.019332851025644922,0.15615811909231486,0.1116305157294856,0.05973709232678516,5,3,11,2
demo-0106,Golden 106,Demo Artist 10,rock,2007,empowerment,0.23026716186216956,0.3933354101995431,empowerment,spirituality,none,none,A demo lyric about empowerment.,warm,A,216,39,79.19400704549906,28.512789741901944,0.23026716186216956,0.2543661482524472,841.5689401528775,2476.0604306660216,0.4525451865257834,0.2525630911010122,0.11442750507952457,0.8395173142815486,0.6230832579379006,-0.01612487196848722,-0.8016218295742619,0.9658330978067158,0.3125137594215304,1.1883575248346503,1.0900755494722314,-1.1217620690471155,-1.1342222074576032,-0.4555407187405284,-0.7562654082906679,1.0552517759761006,0.6513096759879178,0.03545544578066751,0.1673754412160828,0.005534092469447585,0.2346166116914702,0.11206904219125599,0.03291647163259908,0.05116108048700009,0.09456191991710369,0.006342532389077236,0.05750665922160616,0.07478273091828155,0.12767797208540796,7,4,0,1
demo-0107,Electric 107,Demo Artist 11,hip-hop,2008,loss_longing,0.3046332499023871,0.30632830927026233,loss_longing,self_identity,none,none,A demo lyric about loss longing.,bright,A#,232,80,90.67924070316451,46.39295118279884,0.3046332499023871,0.36184045020741223,1606.0633245578247,2828.0853261160228,0.438840384259335,0.4652276174996637,0.07994372522948343,0.7240132074655086,1.5832399694454042,-0.028945354932774725,-0.22887516280027154,1.9095256365144002,1.940254400951829,1.1169904721611417,0.1448826659613327,0.36052893488367643,-0.20414996157495902,-0.39477311902864487,-0.4444164883084324,-0.018054406785207533,-0.434720990684745,0.015163341781829664,0.013217849991548599,0.23286095338875826,0.1303335774804487,0.0030318509625318494,0.12688559218038184,0.15032795217191527,0.03328145025881118,0.03312305386499729,0.013921825549653578,0.08851771350448516,0.1593348388646386,3,1,1,3
demo-0108,Velvet 108,Demo Artist 12,electronic,2009,anxiety_darkness,0.7355265777105847,0.31610893023221787,anxiety_darkness,romance_new,none,none,A demo lyric about anxiety darkness.,dark,B,176,49,102.51939173350131,36.58695321443529,0.7355265777105847,0.5757302295189608,1421.032508120502,3211.0194584340347,0.3448833290705435,0.3506234235973948,0.11619340841644449,0.8601895648606442,0.22121182615782164,1.9116604137066466,0.6542792263378009,0.2503962904051691,-0.35330526234516313,1.1532045102953496,1.7952184022261801,1.173321256536874,3.138831666414424,2.329787452470418,0.5924722352829843,0.5819725661929307,1.369696719485353,0.15962069175956833,0.06433431058194114,0.05950643357223473,0.009605263504501778,0.04348053391614456,0.02175961634075832,0.14942427283168672,0.01969554475572291,0.02445240179326238,0.15345831949049119,0.23462884935318418,0.06003376210050365,1,2,2,0
demo-0109,Northern 109,Demo Artist 13,jazz,2010,social,0.6789450355683986,0.5049177218375267,social,bittersweet,none,none,A demo lyric about social.,acoustic,C,206,89,99.90087982398038,61.344570991265584,0.6789450355683986,0.46282092455909263,1662.7411183232996,3594.2479155762007,0.47466062655128927,0.6232654401631652,0.11551393179915478,0.7538357797079055,1.7872576617448404,1.7949524581768017,0.475426171812092,1.3616623863795536,3.398847853482332,1.1824020707443619,0.5068130538575546,1.0262376106378397,1.292177107526833,1.0488316193094507,1.1686452993234981,-0.24344679693683968,0.23736952491404872,0.058126686578130866,0.11052213807073677,0.1052078396310501,0.015166780362217549,0.13161862201496444,0.014767347807754126,0.028072241062503042,0.007258935191209198,0.18832523799881265,0.1546078483130297,0.05335918808884716,0.13296713488074427,4,0,3,4
demo-0110,Quiet 110,Demo Artist 14,folk,2011,joy_celebration,0.5692653602543856,0.6605909002436068,joy_celebration,nostalgia_memory,none,none,A demo lyric about joy celebration.,punchy,C#,264,66,114.21266073073775,60.35140632480478,0.5692653602543856,0.6195951381635574,2077.621071414183,3682.626577507497,0.40573883319547016,0.6125856331455659,0.1583055938053091,0.7175893500735996,1.4252374365866916,1.4060012257712151,-0.7152801156034707,1.2804060107412403,1.3426821671515337,1.339707057176981,2.9159142745772684,0.28420170149112467,0.6753774287953873,-1.112195798319334,1.0190833338258594,1.1043564458739992,0.9900228236657438,0.0555676094262797,0.08592450582834718,0.15115341667426466,0.11960123832164561,0.11304511957970541,0.015043577825959787,0.044732129692427035,0.1043194792472642,0.05611983992719809,0.21740920880642242,0.0051132758791100595,0.03197059879137577,2,3,4,2
demo-0111,Neon 111,Demo Artist 15,r&b,2012,empowerment,0.2552027833372629,0.6623137298900115,empowerment,spirituality,none,none,A demo lyric about empowerment.,warm,D,215,77,127.4027608112391,61.815733818556346,0.2552027833372629,0.7254169285010329,2212.353534387944,4080.4608990510596,0.5847410980320222,0.6267042567419785,0.14443752316278816,0.9850412322375026,1.4483206203894836,2.575752300449909,-0.6186142826957148,3.076470882780929,3.2687637446545814,1.8298337871266381,2.3587710347377584,2.3585151816075625,1.1572164303592756,2.34712230543934,0.9913695301274444,1.1912430763546737,2.9269431432122985,0.025522851949328393,0.1029688163296702,0.10446038722185076,0.20469072505602193,0.026795214004609394,0.17562650390634432,0.14945303986958636,0.07281678180181891,0.00672770271005024,0.015889423365621394,0.014315935171402297,0.10073261861369574,6,4,5,1
demo-0112,Endless 112,Demo Artist 16,classical,2013,loss_longing,0.2813741878096164,0.5914088165058676,loss_longing,self_identity,none,none,A demo lyric about loss longing.,bright,D#,304,64,130.42947146299252,65.27304522641772,0.2813741878096164,0.635777354951067,2296.9076227412015,4688.917003027332,0.5302486313951721,0.6022729351958351,0.17610656574697384,0.7853885968405455,5.554046402244182,2.3851238413422724,1.7193751529336356,3.5200279177871043,0.2589638327071546,2.1943201563810977,4.094428494681073,1.983800715640246,0.3666989553519213,1.7040820355894024,3.554518040959037,2.4760695963207713,1.2611438904874823,0.021269609765131016,0.006838089095444102,0.03105799195179601,0.14247655282860774,0.0017177552120946303,0.0031620430555343217,0.12225466537895431,0.27085878918980694,0.05078981713549001,0.2644760356256507,0.041835515690229926,0.04326313507126023,0,1,6,3
demo-0113,Midnight 113,Demo Artist 17,pop,2014,empowerment,0.2680590132512909,0.20595903539105187,empowerment,spirituality,none,none,A demo lyric about empowerment.,dark,E,201,53,83.49215016331006,21.348872055647735,0.2680590132512909,0.34856427478164415,908.8387913990633,2065.684944359731,0.33936395062332214,0.18794486614001998,0.10819871169961134,0.8336623706627343,-2.0999019857251224,-0.785677028267503,1.2045075516061559,0.07921504780413943,-1.417008913102986,2.3558211815981513,-0.028941732314764643,0.38433395931340797,0.3995247560451345,-0.36759546616018607,-0.7275736818213943,2.1216749850659404,1.0032058696177506,0.0019866529676419178,0.015195859982448531,0.009115374233701503,0.021201831097623348,0.10004729123211357,0.010056695186712494,0.250322059847428,0.07861112965460507,0.12514004499595596,0.254356293707168,0.035105512080663745,0.09886125501393771,5,2,7,1
demo-0114,Golden 114,Demo Artist 18,rock,2015,loss_longing,0.31116482068640494,0.643824261704841,loss_longing,self_identity,none,none,A demo lyric about loss longing.,acoustic,F,182,30,90.1016500542713,66.44096925260948,0.31116482068640494,0.4497702415867925,1068.7757137409162,2526.1519888304233,0.5450922210146805,0.6921035085400363,0.10733847115977466,0.7879914754931256,1.6798323297543882,1.5095207024428863,0.7774105734360883,2.0191090700229286,-0.08644576222641703,1.9229734486293806,0.8425154435355504,3.5710261222145894,-0.8924819267824777,-0.38934525221734156,0.7187978282005476,0.6972340529789919,2.2501389841750186,0.08809910386489513,0.08072682033538828,0.005817884693932481,0.2751680793890417,0.026565242470014135,0.14715951154748627,0.15546070124940442,0.019845078488782805,0.005377648344809313,0.00414326167120877,0.052671194091809447,0.13896547385322736,7,0,8,3
demo-0115,Electric 115,Demo Artist 19,hip-hop,2016,anxiety_darkness,0.7321180019717888,0.38984885076718995,anxiety_darkness,romance_new,none,none,A demo lyric about anxiety darkness.,punchy,F#,204,95,92.77705794039561,47.373618235339734,0.7321180019717888,0.4178435330851834,1345.8412551946499,2930.1463640383,0.4059018611124682,0.5470191907706647,0.11464578345905052,0.7566573015218492,1.0823862373324524,-1.2365102023750727,-0.19053444972291933,1.581072798691833,-1.1374219290621106,1.717574196933156,2.111136566359135,0.23054466217625164,0.8918127674263101,1.7190870848510267,0.13321081195648027,1.4677755205261813,-0.07114879513067163,0.018495819055901516,0.08875967182235106,0.06940915916952164,0.004690115317126705,0.10769214539719636,0.013395320625350612,0.18922854139551945,0.04086682082259109,0.12194157550197078,0.025763100305816487,0.3122927672939271,0.007464963292727261,3,3,9,0
demo-0116,Velvet 116,Demo Artist 20,electronic,2017,social,0.6197371826108634,0.42458343527396936,social,bittersweet,none,none,A demo lyric about social.,warm,G,184,57,78.6863366600347,50.12601637295904,0.6197371826108634,0.5438287360223415,1474.3506074642955,3086.1386683387095,0.7538472734176719,0.46555360911958793,0.1163986169194318,0.786960576108047,1.3138473858122381,0.4581442177071305,-0.6738589305358855,0.03430181911823449,2.1813338564645193,0.9747767891355114,1.351087283703822,0.6385787928269624,0.24050230382673032,2.577569449875411,0.7118081429489193,0.45663012047287305,1.9961423663553395,0.04054571728557966,0.1436463877495455,0.019916532875643145,0.2755302760725443,0.002810167786804568,0.019687173751903493,0.005346035436750337,0.07096236245459694,0.02970393966666788,0.07313540183302271,0.21706975607644388,0.10164624901049742,1,4,10,4
demo-0117,Northern 117,Demo Artist 21,jazz,2018,joy_celebration,0.49770573698601606,0.6153047096831094,joy_celebration,nostalgia_memory,none,none,A demo lyric about joy celebration.,bright,G#,196,44,102.66335362244399,61.95136771275405,0.49770573698601606,0.46418509314886597,2102.853774314687,3351.145660119378,0.5150214368690115,0.5447306645837721,0.14232936830102846,0.7066774449310665,0.757527057149989,2.2450646657711237,1.6720095683780736,1.768409524574819,-0.5712048383918629,3.0368951698290125,0.00811868905812485,2.728560814293865,2.221543865981486,1.77733274178468,0.3450152190916185,1.351589844819523,0.7290785893551401,0.09899820308010997,0.2160535303694147,0.011054548706658077,0.0328094865279399,0.01884006772144057,0.0652556852707727,0.04935854961263733,0.002567256819051318,0.21562176126432692,0.16152527596053867,0.07926668398592768,0.04864895068118218,4,1,11,2
demo-0118,Quiet 118,Demo Artist 22,folk,2019,empowerment,0.2581677699847993,0.633159024309827,empowerment,spirituality,none,none,A demo lyric about empowerment.,dark,A,257,66,106.78215522649873,62.604418103868404,0.2581677699847993,0.539944165079667,2051.272688506987,3734.730028921355,0.43282003823353093,0.7237788068092464,0.1570492499437743,0.8338994510474826,1.1302992547912252,0.9036283323632223,-0.6864064400171506,2.468740531923558,1.9483097057563792,1.3208340067865867,1.3627732981637442,2.236144262261055,-0.054710073079853094,0.9101186684461945,0.36369713710746954,3.271509282486746,2.3756555318533006,0.2342487349255016,0.28647622314843224,0.046922173275456835,0.14506940704540155,0.042459095102180176,0.08047219117801349,0.020233684852883307,0.012887159675452826,0.06436317085067526,0.03265958381001683,0.028903169485500493,0.005305406650485449,2,2,0,1
demo-0119,Neon 119,Demo Artist 23,r&b,2020,loss_longing,0.11396641947049453,0.7898600951313955,loss_longing,self_identity,none,none,A demo lyric about loss longing.,acoustic,A#,185,88,125.00238138131871,86.3713305053651,0.11396641947049453,0.6652786641534596,2104.2705816922585,3937.4675452806496,0.31001055954037365,0.8612891100301182,0.150688264408228,0.7314393007641738,3.347089486131609,1.7176743218072659,3.070042933926925,1.2667478173173032,2.0447762837986567,1.744523983743665,0.10237769048187717,3.228338306263913,1.6648463929675839,2.5464182196329603,1.0479712775384404,1.6351556184202352,0.9331476400766451,0.0028912201352047713,0.031321076461060145,0.18973943221900286,0.07254810069954304,0.017765111713081934,0.13055126834378628,0.08240058248097175,0.22787675637445123,0.02423442133569073,0.018226050839512523,0.16378827936050644,0.03865770003718827,6,0,1,3
demo-0120,Endless 120,Demo Artist 24,classical,2021,anxiety_darkness,0.6804710131424978,0.743098175393072,anxiety_darkness,romance_new,none,none,A demo lyric about anxiety darkness.,punchy,B,168,27,135.2306199470769,74.73506944386527,0.6804710131424978,0.7502370100827258,2598.9538192016257,4592.617192109522,0.4365628616266246,0.788254199102377,0.14204672238109645,0.7037527396318914,2.4331425320751103,-0.0582496627479272,2.0628392150661172,1.0797367078815794,2.2013070551532636,1.0222636419527367,2.5242481374551886,2.11932742366739,3.5003659168813304,2.1067345341016224,1.331357195038534,1.8531141441727172,0.7557636029832686,0.0054927904022040955,0.015052625650492863,0.2303617341460199,0.016909283835347115,0.07175483091486902,0.20512555104622218,0.002479847366516673,0.02413928769554931,0.12165430815069433,0.014933158351521892,0.09066446296846571,0.201432119472097,0,3,2,0
demo-0121,Midnight 121,Demo Artist 1,pop,2022,loss_longing,0.1990376064080843,0.3894248111763583,loss_longing,self_identity,none,none,A demo lyric about loss longing.,warm,C,262,49,68.46393079406336,41.46197424369299,0.1990376064080843,0.32383465415747315,809.973711570944,2521.411734751835,0.6330239493198806,0.3807022484948728,0.11025189986862458,0.8257695721276556,-0.5166247619747387,0.7581642172281733,0.38930539110441015,0.21569871388595227,-0.04191971124232876,0.43105449259965123,0.22938766149245945,0.05909333302501734,-0.6410159159875635,1.6937662407624925,-1.050419943348547,0.427636218879745,-0.3202407423014329,0.10634660222171984,0.09644028397423099,0.024156129441390384,0.04334837796667628,0.015719581926211482,0.23725149769666115,0.05852679208663125,0.0836984918126355,0.07540056305147146,0.13860393290980727,0.0939247615611327,0.026582985351431773,5,4,3,3
demo-0122,Golden 122,Demo Artist 2,rock,2023,anxiety_darkness,0.9281257102316341,0.38583914423555515,anxiety_darkness,romance_new,none,none,A demo lyric about anxiety darkness.,bright,C#,161,74,75.66333958231755,32.58751011214635,0.9281257102316341,0.4084420164179448,1078.51462431478,2489.518348736154,0.6908358292658147,0.28844065745296565,0.1118258754435091,0.8954627793652307,1.1091174883856003,0.1403873324793275,0.011094119147341763,-1.4388154625209315,-0.7562449926651957,0.6183592265747335,0.1621178110577638,0.37492707856622637,1.3392536096340606,-0.8873231090622744,0.06381969776735003,0.48871096341121767,-0.404159937574516,0.058079362933906815,0.3111703907794188,0.04251133929394901,0.06414486456412612,0.07453436473713684,0.0005180215029090175,0.18163992219229091,0.00914004528922217,0.04404802700315727,0.033720589302159196,0.11981131576498116,0.060681756636742815,7,1,4,0
demo-0123,Electric 123,Demo Artist 3,hip-hop,2024,social,0.6951768002570528,0.3556806689410651,social,bittersweet,none,none,A demo lyric about social.,dark,D,258,29,88.56954570778578,35.398477746007586,0.6951768002570528,0.5194264307094593,1336.39878075046,2692.566560479992,0.6492433396349996,0.3201077768147309,0.10623095764791572,0.8358352651014037,2.3810384592422946,2.2235871779728864,0.9597114989041067,1.0623856588503198,1.391498932084825,-0.6569836753693491,1.2441483371519824,-0.13407346814352816,0.9184780667965806,0.3725323723926627,1.1012083271142143,0.71810346500646,-2.4730302708212997,0.00782522539350379,0.008052436071114374,0.05589197049371004,0.07539890599466398,0.0012857476691794391,0.10932605600994373,0.034127938835904835,0.08307159595112217,0.0778436067533635,0.15614247758042915,0.1985245315700856,0.19250950767697939,3,2,5,4
demo-0124,Velvet 124,Demo Artist 4,electronic,2025,joy_celebration,0.4618303278385535,0.2982751524169347,joy_celebration,nostalgia_memory,none,none,A demo lyric about joy celebration.,acoustic,D#,218,51,105.40942697825383,23.739951034644534,0.4618303278385535,0.4918982540736218,1684.5679284314622,3106.860992718281,0.5701422239851532,0.26269376357321333,0.16003203745262387,0.6293362693665723,0.44159172544684233,1.7485161053885037,2.445896479778648,1.1400715126420802,0.607295835578513,1.6571183686744446,1.7687026752316828,0.5403383213326927,1.230307312177546,2.0805272624119695,2.7904589932744517,1.6426049592352918,0.944138896665593,0.05194968768390253,0.07559654401580891,0.031316177356884196,0.047274298088191814,0.13383280299574402,0.008430552332648372,0.1514430736631729,0.17191394030913046,0.04551612525070604,0.11937687604691892,0.09368371403968469,0.06966620821720713,1,0,6,2
demo-0125,Northern 125,Demo Artist 5,jazz,1995,empowerment,0.482711773408905,0.2989142104394631,empowerment,spirituality,none,none,A demo lyric about empowerment.,punchy,E,291,92,128.8503096732764,52.39019699199447,0.482711773408905,0.587270565879331,1607.2818060792936,3472.454763208541,0.5101181849101792,0.5662082322152251,0.17679004005645127,0.8388551681279216,0.6602116969870392,1.9870844420982041,0.5017473031371389,0.1666625040109706,-0.5599088719564451,-0.3651283945004009,0.30355484387572806,0.022210232299128885,1.5132365273747173,0.0005981741759646386,-1.943666302024744,0.15608822541053424,0.7281403522785805,0.04473586067996417,0.07870185564490113,0.01828712296703068,0.12741269965287372,0.050776582930079465,0.08148574919362209,0.36366676060869946,0.048122353213950385,0.044728210442765794,0.05311983949680481,0.02945467708676529,0.05950828808254305,4,3,7,1
demo-0126,Quiet 126,Demo Artist 6,folk,1996,loss_longing,0.23414723840171403,0.7331823020326915,loss_longing,self_identity,none,none,A demo lyric about loss longing.,warm,F,191,51,114.3294198279843,76.90273207640715,0.23414723840171403,0.5305927250189381,1958.4595474825396,3688.2178841346727,0.3582599246569851,0.6878889542507451,0.1428278529292274,0.8566970659583724,0.8053406466211404,4.020708692157969,2.3856856536527324,2.8043301326604784,2.2952430120737586,3.352864974938573,0.7129980165274579,-1.0607373856586215,1.053874391647117,2.0582185755475377,1.6515169717479785,1.7754726109677836,2.8209100026698724,0.0037139050282080973,0.009022922100515406,0.05191070366106421,0.03879773042432479,0.11517361407340695,0.03287053733086224,0.034819364013645354,0.05128189755444545,0.004241107444538217,0.11450017445137421,0.1481197178504131,0.39554832606720197,2,4,8,3
demo-0127,Neon 127,Demo Artist 7,r&b,1997,anxiety_darkness,0.7525659303743681,0.7751722175169333,anxiety_darkness,romance_new,none,none,A demo lyric about anxiety darkness.,bright,F#,214,66,125.12254144062386,68.65994746814697,0.7525659303743681,0.6005503673956438,2145.476590106403,4184.9801986536595,0.6074293609569013,0.6819048833555513,0.1815824755864842,0.8007989308907943,2.5928471185176796,1.3101477914108495,-0.012588366568641929,2.0683589880185225,2.525324063146625,2.3753473318075695,2.2221866614374397,1.4514130340450127,0.9932537485544075,2.35172826904378,2.226447416198275,1.2391009091561735,2.9094241891920567,0.01948893629703227,0.11482217039256692,0.17375880239392708,0.026328817902968333,0.036888904648882254,0.00034589624691632587,0.00839308788223687,0.08826799378785745,0.2945919761181113,0.06792767708829088,0.05902190569662117,0.11016383154458928,6,1,9,0
demo-0128,Endless 128,Demo Artist 8,classical,1998,social,0.5653876163101708,0.7574038385224123,social,bittersweet,none,none,A demo lyric about social.,dark,G,168,72,129.7514919934248,73.14157058415287,0.5653876163101708,0.6966581024677537,2639.0205360013183,4036.67323302037,0.4417499145301031,0.7312312545591091,0.15437715015434444,0.8899825832128283,2.9132576787196394,2.0522453815114594,1.8293262446563059,1.988043165768353,1.9952133463521893,2.0216269718742375,1.9120008984832007,2.352449314592393,2.853212064827865,0.8697398524014233,1.0493361007668511,0.35148197051647645,2.9663974003575997,0.10932676048145813,0.036452865755559866,0.08841979004539226,0.2038403929540047,0.18352108189404148,0.07500246091946179,0.021997733501088707,0.025853211850194728,0.12692016889408758,0.06155277950730108,0.06254465221287547,0.004568101984533989,0,2,10,4
demo-0129,Midnight 129,Demo Artist 9,pop,1999,anxiety_darkness,0.8964538516153565,0.5722041409952477,anxiety_darkness,romance_new,none,none,A demo lyric about anxiety darkness.,acoustic,G#,262,88,83.47802888654589,54.27633380756862,0.8964538516153565,0.18015117266815622,1092.105014841251,2236.000955479286,0.10246646790527358,0.5257380333240943,0.11307895641845882,0.7762976126960234,0.7150058109935733,-0.8500241677122955,-1.3059823727876074,-0.07144540304760538,0.031565667289914785,-0.3483843510623214,1.2272911466421925,-0.8502073751390576,0.31316560733234944,0.06796997116362523,-1.5567159521360834,-1.3190301836685123,0.011911016248631409,0.005688581716887233,0.18770840875855851,0.018293536758769983,0.03029069973844121,0.07658645891600432,0.08050001770935478,0.045133096031109154,0.04471640057781173,0.13011692963494464,0.07000077370914613,0.11398663654131591,0.19697845990765644,5,0,11,0
demo-0130,Golden 130,Demo Artist 10,rock,2000,social,0.6520210264878712,0.4022838392970985,social,bittersweet,none,none,A demo lyric about social.,punchy,A,241,90,90.79197070207589,35.88697315722722,0.6520210264878712,0.3230451848586376,950.5925753444269,2875.855566260372,0.40930493951863306,0.33044762738638483,0.10868393357855631,0.8067181109653981,-0.08668364248828286,0.28256610305099095,0.260237768571826,0.474819327020807,-2.057487458987316,2.1808763070078494,0.15271168646544245,0.8806226194469853,-1.0781013415340241,-0.17100026124925022,-0.3723158663204145,1.7697237645085453,-0.2858136068358828,0.1837269099924716,0.09211084016609444,0.04514249631924813,0.06358102473028357,0.061556735198306005,0.09537249196629159,0.039284962708135654,0.04309167801249944,0.28911327650311236,0.02209132486198556,0.025677461793622985,0.0392507977479487,7,3,0,4
demo-0131,Electric 131,Demo Artist 11,hip-hop,2001,joy_celebration,0.4185609020985855,0.32426789428080627,joy_celebration,nostalgia_memory,none,none,A demo lyric about joy celebration.,warm,A#,185,32,92.49974137738022,22.823426228799022,0.4185609020985855,0.33977771549767083,1135.669804914633,2634.9519064038295,0.49351852596559775,0.2716431012743236,0.13804734834270643,0.8630612362483333,-0.1375568640679442,0.624549832403988,0.2786574699627541,0.3988102365052497,2.637127896959813,-1.1620002370036127,0.3653231840777391,1.8117489071961566,-0.8658914950335382,-0.04374742526625042,0.07096150243236043,0.37671027794601547,-0.9959571596062172,0.11260314589231434,0.010650744680120332,0.10944676659993847,0.17105195024472467,0.025493049306494694,0.03558967456023535,0.15415989896910953,0.04468139278021379,0.002700216183019346,0.15301517436345194,0.14585790437836268,0.03475008204201479,3,4,1,2
demo-0132,Velvet 132,Demo Artist 12,electronic,2002,empowerment,0.2667101491240967,0.35057399672254397,empowerment,spirituality,none,none,A demo lyric about empowerment.,bright,B,303,57,103.62718558413471,38.611875289819864,0.2667101491240967,0.5218396262597862,1398.1290521291348,3062.563416021583,0.5408001660324783,0.354702753628778,0.12443267119397804,0.844135869252995,0.5512273187986979,1.126059589102025,2.4927284560195684,0.7281412010130024,2.079337809719206,1.4593700673073582,-0.5672419934867667,-0.20213702926352428,0.06640411693010351,0.04516508306721656,0.8097102538931857,1.5146440480818222,2.1551584167047224,0.05768083042247244,0.08968828493541986,0.10705387974424427,0.24218337671877496,0.08393035099234457,0.10812387127508521,0.10464673499732212,0.12334073871425909,0.0143488508044113,0.05865586037590385,0.005680246138508607,0.004666974881253756,1,1,2,1
demo-0133,Northern 133,Demo Artist 13,jazz,2003,loss_longing,0.24003716199880945,0.525503853056014,loss_longing,self_identity,none,none,A demo lyric about loss longing.,dark,C,199,69,116.574533672769,49.69511451187576,0.24003716199880945,0.5481848267047088,1532.5114623909299,3470.7582854979055,0.5421809683884358,0.5455907631905447,0.1332504719374677,0.8827938267447207,1.3871419867702157,-0.11505460903757947,-0.21516677348251378,2.3225598701493486,2.3959841783817692,1.522909230404723,2.6957067211800285,2.256609849041607,1.883628729479721,0.2886885112663281,2.9314287510323433,1.7363014322082728,0.8141612253883783,0.17704589016331046,0.10423494761511597,0.2226302195368241,0.007238220308215281,0.019255247729488854,0.011941478117387124,0.08561181027197887,0.015092607317512951,0.16033496167286726,0.027666464080117557,0.14086657095928054,0.028081582227901268,4,2,3,3
demo-0134,Quiet 134,Demo Artist 14,folk,2004,anxiety_darkness,0.7979764587548038,0.7600735698548857,anxiety_darkness,romance_new,none,none,A demo lyric about anxiety darkness.,acoustic,C#,216,47,108.36145294233977,69.25374745994549,0.7979764587548038,0.5938048905894238,1731.3650124518304,4002.158379846961,0.8097536386551283,0.6965416058306092,0.10749979750193969,0.8608890516577031,0.5959108338509197,0.83665055833554,2.126576389791004,1.7545541255127244,1.0118912246613982,0.8503943673983356,1.6258360552208329,1.0905344474876326,0.39076286639699265,1.16743681852164,1.839592623255184,1.3218965331803667,0.0864914017518148,0.007597075133023834,0.1386942481713692,0.05819099950687952,0.014026267105219235,0.22447741277680855,0.1167287890380047,0.08235490105193284,0.003578047786050145,0.2706233838697792,0.0429443150723074,0.03601744306791723,0.004767117420708225,2,0,4,0
demo-0135,Neon 135,Demo Artist 15,r&b,2005,social,0.672050942586326,0.7172290427308011,social,bittersweet,none,none,A demo lyric about social.,punchy,D,205,33,110.51706020845523,75.67951933037297,0.672050942586326,0.6547336969060861,2092.335038813705,3998.0863704279345,0.5643121681180319,0.8106691204397138,0.15313488476326267,0.8780681089925778,1.8497406654445983,0.9072677907619913,1.542047906758936,1.500514109208385,1.1033400874945531,2.2284829286558336,2.0346461877047592,0.20935030173058178,0.1484740047606421,2.224684453205754,0.9847135712054652,2.102041155100324,2.580931578109188,0.07766947070021364,0.08847146318087482,0.07612828824838931,0.060350157713508275,0.0005794329951204767,0.012587265480990345,0.02399790957171467,0.13758663873004712,0.19336957206667485,0.04947004990785475,0.035052828981434254,0.24473692242317752,6,3,5,4
demo-0136,Endless 136,Demo Artist 16,classical,2006,joy_celebration,0.4165319853106148,0.6878204025864945,joy_celebration,nostalgia_memory,none,none,A demo lyric about joy celebration.,warm,D#,274,58,130.03385138660795,72.19245296275986,0.4165319853106148,0.7063904647095873,2468.969129585756,4100.465112962992,0.6742799541295321,0.7629544943774814,0.19504087127397327,0.7947278623995863,3.1138968341027553,0.628755965093095,2.813047565204533,1.3288372379000548,0.44859816757706383,0.9758594818356394,2.1055311386292708,1.2757007917823966,2.4760735316958,0.2917624449959828,-0.027097543615861586,3.472387434143576,3.0038001294014345,0.24366657349175674,0.17915884153290831,0.12169256692825675,0.010557226665164956,0.012998630120575748,0.007919719064061491,0.01104913509117759,0.0009411150653237947,0.14437624774712424,0.09351611203726834,0.12175929192614843,0.0523645403302336,0,4,6,2
demo-0137,Midnight 137,Demo Artist 17,pop,2007,social,0.5661257885972378,0.41827257231029913,social,bittersweet,none,none,A demo lyric about social.,bright,E,169,89,73.25413244362261,35.41288995182633,0.5661257885972378,0.27637756218239584,942.972433519106,1818.5612907608802,0.6336364722394188,0.3202793821376551,0.1243992658955411,0.7521835075483846,-0.04884358573401051,1.9137860400684237,-0.27733820879366844,1.2388498846734588,0.03904508556456009,0.4154188302934896,0.0699585894113745,0.8478516263001241,-0.6855316128530513,-0.9840485230191854,-0.6385761903770217,0.09971037632409105,-0.22081878555032944,0.04563890086561436,0.03022133478125359,0.021596062871351636,0.03860020692828423,0.13208315102989746,0.14996643047550215,0.31730980120110913,0.09793304098407629,0.04861473991475872,0.06513535224002108,0.005292905896521216,0.04760807281161015,5,1,7,4
demo-0138,Golden 138,Demo Artist 18,rock,2008,joy_celebration,0.6849464900514264,0.4633196488116512,joy_celebration,nostalgia_memory,none,none,A demo lyric about joy celebration.,dark,F,289,27,75.97795147577139,53.90846749791673,0.6849464900514264,0.48849593280131925,1235.0826380435622,2495.6049927971435,0.5054839496601311,0.49825749366933125,0.1278005431548637,0.7620098175891447,0.03992346054500068,0.9087897715292568,0.11200506191677881,0.0650340065021536,0.3105752055290751,1.0953554137930765,1.9464930754838332,0.8854862322460819,1.103314223624267,0.1001459378988756,-0.40779786316871697,0.9539862322351151,0.4712408246005714,0.07517746288372451,0.06135138328208036,0.13081043046472118,0.017443474131014106,0.0029485136449150977,0.14748789231952175,0.05906486470307103,0.0002563534307948512,0.2848274521656573,0.13490025040067233,0.027353892949642283,0.05837802962418517,7,2,8,2
demo-0139,Electric 139,Demo Artist 19,hip-hop,2009,empowerment,0.32413739211869097,0.4383350671520103,empowerment,spirituality,none,none,A demo lyric about empowerment.,acoustic,F#,308,72,86.34945214427836,40.525670362755264,0.32413739211869097,0.45750956820335076,1298.1505284781779,2323.468395526108,0.42729469520726865,0.45920613563467155,0.08636388486744642,0.811269120041554,2.185261214185287,-0.16061295301048073,0.6021490804276859,-0.7040162572279213,2.227231141663572,0.5166673730033857,0.6466268427940182,1.9543004655056224,1.261478394645481,-0.2756287324967398,-0.0472779240873159,1.0949313045232987,-0.024121055062940044,0.16370634295465328,0.020736271782495114,0.03341532765058766,0.0031970409943960715,0.08547650854180604,0.0560190487762123,0.08689504644533133,0.214255222559997,0.032008013554130174,0.09110981434713429,0.06933308164221128,0.14384828075104542,3,0,9,1
demo-0140,Velvet 140,Demo Artist 20,electronic,2010,loss_longing,0.16544324994768667,0.4424352302793675,loss_longing,self_identity,none,none,A demo lyric about loss longing.,punchy,G,253,39,97.490010385085,51.89548953654765,0.16544324994768667,0.6492503864050003,1697.2223411532073,2846.6566423576705,0.40010714063610625,0.4855026391567853,0.1284030727178852,0.7939685746886247,3.8962390953981427,-0.17722787447475885,1.1289699356643899,1.516507742467803,0.8984279955308038,1.010180577781358,-0.14480889430658728,1.0064861946026817,1.4113989961743718,1.2276005842711286,1.4702009039120914,2.312607900636232,1.8369665419143417,0.09884256319044696,0.06767949581227252,0.0018891574751064932,0.005877220454833778,0.002879752184452944,0.0434374519372541,0.3294135331370503,0.14213036194308276,0.04866963601480281,0.2087683550191475,0.03185346463611647,0.01855900819543329,1,3,10,3
demo-0141,Northern 141,Demo Artist 21,jazz,2011,anxiety_darkness,0.6931266152486854,0.5731119503385794,anxiety_darkness,romance_new,none,none,A demo lyric about anxiety darkness.,warm,G#,203,75,102.60458384179681,54.27317752586837,0.6931266152486854,0.5050378153911999,1804.4915724166892,3351.4808824977576,0.38258991326040576,0.6025566991679981,0.15768375477425575,0.860155000234392,2.125644621394093,-0.777278725367363,2.553835546793107,1.592062116583742,2.2107813840057347,1.5871617791163626,1.248924824680156,0.9246907876379453,1.5671443768862054,0.8882520910954479,2.0678761000651122,-0.3864566445522004,0.6584241382057222,0.02080367977818581,0.026216887083264397,0.04394857147045351,0.008414592458962903,0.008277274493623228,0.3223210793601895,0.10718776261952724,0.13271839744017927,0.09243982550224722,0.0759115468851554,0.11349255606303597,0.04826782684517558,4,4,11,0
demo-0142,Quiet 142,Demo Artist 22,folk,2012,social,0.9093007261581427,0.7512276151135313,social,bittersweet,none,none,A demo lyric about social.,bright,A,160,72,107.99260468734612,66.68649193901648,0.9093007261581427,0.5922352699300687,2121.1592372280043,4107.716230812728,0.7217493650660344,0.7061245347266458,0.12488679587408857,0.848716181782567,0.2585976219470023,0.012528806619241495,1.7391586845772387,2.0231994472697505,2.4033770984808047,1.997136240386094,2.0315859857427485,0.5153474150076236,1.3950233153153335,-0.00711678563448781,-0.5033691294001956,2.2406427098430743,0.7468756062090413,0.1279766073893557,0.019279736967390364,0.1254808699288505,0.006159826796956162,0.12844588375768026,0.043218322213000086,0.05688032834662193,0.05024602711637317,0.09839562332342183,0.19242777223960822,0.11340094668721373,0.03808805523352811,2,1,0,4
demo-0143,Neon 143,Demo Artist 23,r&b,2013,joy_celebration,0.572660912741386,0.6144976304366351,joy_celebration,nostalgia_memory,none,none,A demo lyric about joy celebration.,dark,A#,167,81,115.44088305918191,59.06231315426298,0.572660912741386,0.598752966936934,2271.270060881506,4438.743589910961,0.5720461725836281,0.5457520955040581,0.16677877044924136,1.0,1.9024228107189116,3.2618408593935992,1.0596706341612878,1.757913948363613,2.4195652061255424,2.197328308262864,1.033611319888839,0.9904825428694002,2.7882844031026583,2.9915508126501447,3.31214355812192,3.6039304832528676,1.9346194363225964,0.11885447103384379,0.1679037106682771,0.006942746018946921,0.2771984396014337,0.011996326930156625,0.011619535136359233,0.02078426285204707,0.12146346502236491,0.02079287497630143,0.10201564882198431,0.11781854430032121,0.02260997463796381,6,2,1,2
demo-0144,Endless 144,Demo Artist 24,classical,2014,empowerment,0.22787313146498525,0.8009709713828672,empowerment,spirituality,none,none,A demo lyric about empowerment.,acoustic,B,256,55,131.17358536847934,85.33626226876649,0.22787313146498525,0.8502283174955251,2612.710728559788,4293.4282404468095,0.5789835875740361,0.8813025152947807,0.17775251543029497,0.8398979634739234,2.403742502451328,3.7875701208064196,3.2024665143680577,1.039846102401733,2.8957210808805494,2.9923733745114522,2.414967287151789,3.2314243705027295,2.2880740342990373,2.300467721076251,2.2212405446770433,0.08175591420033124,2.019601606094126,0.006364922703442672,0.10575809015973026,0.029467847731209165,0.0849338452264723,0.03604164522015576,0.055989274816136775,0.15352112635422296,5.526711582201287e-05,0.005789792901861126,0.1377664066512292,0.23330336759614562,0.15100841352357228,0,0,2,1
demo-0145,Midnight 145,Demo Artist 1,pop,2015,joy_celebration,0.45986971549024774,0.3449503854859795,joy_celebration,nostalgia_memory,none,none,A demo lyric about joy celebration.,punchy,C,250,79,72.40862020857159,33.39404170693959,0.45986971549024774,0.32333688072752853,1139.3695702090936,2100.99719589294,0.7722013023393454,0.3342065674007512,0.13563792451729853,0.875020112494632,0.3071083625824217,-0.06563068188658654,-0.6240414398792106,0.07579154996435276,0.8973614590200242,-0.013111430996670575,-0.3166228050618577,-0.2507825341777729,0.9924766135830533,1.2251614550998557,-0.6671505137683704,-0.6685878574474897,0.3793589196671123,0.023726108238604184,0.02647961595853642,0.304663100045594,0.014452760693310614,0.06214334604115219,0.015219154638813034,0.09631271694321113,0.15451828071283577,0.07925594752720035,0.04301286357248499,0.1415286753182594,0.03868743030999805,5,3,3,2
demo-0146,Golden 146,Demo Artist 2,rock,2016,empowerment,0.3849958747889226,0.5785454107353721,empowerment,spirituality,none,none,A demo lyric about empowerment.,warm,C#,266,47,92.5066923068715,48.44905784768908,0.3849958747889226,0.3350323743962967,1197.779317176584,2281.783423182623,0.5007435045513605,0.49630411700634147,0.13311502074996837,0.6414745377392235,0.33075254853490416,-0.785235291142143,0.805496044208275,1.0772165364561261,1.5871702425080878,-0.23502945430837446,1.2272264856887904,1.6609015874770532,-1.3432469698554668,0.9123449200984506,1.258511253780106,0.0412736136125626,-0.9107735775251085,0.09581333677708641,0.04439044816765992,0.06158450869953193,0.18960782911251095,0.05299810368052971,0.06891642944562558,0.15898866790899635,0.06198734878059616,0.17662537934705977,0.03048022481363871,0.012894099383369589,0.04571362388339496,7,4,4,1
demo-0147,Electric 147,Demo Artist 3,hip-hop,2017,loss_longing,0.28150489945653945,0.26453223306714635,loss_longing,self_identity,none,none,A demo lyric about loss longing.,bright,D,289,32,86.28583312748803,33.9615796851885,0.28150489945653945,0.41390408490241565,1358.7837116230448,2927.0662508495325,0.4991348680725825,0.2731212457298559,0.1345557230062038,0.7947041336336973,1.7617347900146987,-0.10773877947993671,-1.0022747273509944,0.5659739973169247,1.895952688284265,0.7609421366160508,0.40033020082714343,-0.2703470176574332,2.3577664666808222,-0.42960259488477937,-0.12539425762823997,1.1700341960840228,-1.2560206898867898,0.13160919082886632,0.03389956504127732,0.07207824042158781,0.04151846475933774,0.0017179951017758895,0.03434837356200649,0.03917077540936339,0.504024069772117,0.07502890887095891,0.015526658974158282,0.04182647140890356,0.009251285849647337,3,1,5,3
demo-0148,Velvet 148,Demo Artist 4,electronic,2018,anxiety_darkness,0.7617378289593445,0.532236382797727,anxiety_darkness,romance_new,none,none,A demo lyric about anxiety darkness.,dark,D#,218,64,101.15348631062126,49.43426315323829,0.7617378289593445,0.39510462485316633,1424.204678102844,3274.373674183292,0.6330035113109145,0.44505982308404884,0.14341228621012841,0.7467264326964725,0.9165051762003098,2.3169444157906467,1.7074872340229486,1.6958719880221929,2.8087903584569665,0.19612065895020214,-0.08587497499254582,0.17787772977140925,0.6454989465933849,-1.4545506142918936,0.6925717633031896,0.355429268105088,1.6837597673977989,0.09510254638970911,0.013466158721714241,0.09077537287932408,0.05028305747064711,0.01452192470717416,0.09678297015099717,0.014981272530981369,0.015770028248408136,0.3656604502901254,0.07214319508965657,0.163647321075457,0.006865702445805666,1,2,6,0
demo-0149,Northern 149,Demo Artist 5,jazz,2019,social,0.6636891118825016,0.4770174857768807,social,bittersweet,none,none,A demo lyric about social.,acoustic,E,250,82,107.09888905524207,44.29603182100881,0.6636891118825016,0.4167141602798885,1665.605560332858,3406.684798982673,0.4395057030619062,0.4467093791095799,0.16851082744742038,0.88120962126846,0.21248222015130536,1.8784028752966335,1.8403023676657362,0.39393252704843507,2.048865922635439,1.0396233640547365,-0.20995349001444485,1.655202724637142,1.4169618236145243,0.9723223708141722,1.1625469150167005,0.480914521111538,1.8101305037971094,0.008605760283378831,0.13823240037966855,0.06413299817110957,0.03577436546540351,0.021719795364385706,0.11918010896172074,0.01864299380725788,0.2243106848242153,0.04817369301711847,0.14899168488110312,0.017185493618411155,0.15505002122622713,4,0,7,4
demo-0150,Quiet 150,Demo Artist 6,folk,2020,joy_celebration,0.63362243366302,0.7793257802218624,joy_celebration,nostalgia_memory,none,none,A demo lyric about joy celebration.,punchy,F,233,49,117.69994511055071,64.21806058231171,0.63362243366302,0.5195914888923698,2036.2345950469264,3771.5561788255686,0.5840792412909267,0.6105384330805113,0.14654133774320144,0.8164147360076425,1.7462780914938585,1.993722714460248,0.9208050154751006,0.15671554788979725,3.1247850398997947,3.989254169023358,1.9474207112023787,0.17600790526988952,0.7268048831571232,2.009117569050969,2.841115611681286,0.2871093654581438,1.3756671791510988,0.00371661818956218,0.034894910720020184,0.04577603250142521,0.04913396907623194,0.011317765702573474,0.073259509341227,0.1842029434396155,0.10275029007846936,0.23711760488545983,0.2147371471710772,0.007274728883356252,0.03581848001098188,2,3,8,2
demo-0151,Neon 151,Demo Artist 7,r&b,2021,empowerment,0.47016921183956906,0.6844568451827401,empowerment,spirituality,none,none,A demo lyric about empowerment.,warm,F#,305,28,124.26346679067757,76.8844231928226,0.47016921183956906,0.6148549409791005,2253.976384232694,4086.2681402372828,0.35112007887542157,0.772132815687609,0.16340677541613577,0.8934682062896331,2.193140903147424,2.2611463913598353,2.1202916840072246,1.6117774787080694,1.0837808848887351,2.088838351659376,1.4668752341163591,3.489822620441015,3.1421822947732183,2.4328391323516083,2.1784669392929854,1.7120409490188226,0.5388762686528648,0.20580748537181912,0.0497637925367289,0.10809452094696168,0.12877425250159907,0.014232568098600601,0.017850288394362826,0.04293145840480233,0.07639464263659758,0.11320483503120145,0.003501885153412869,0.12292004151244898,0.11652422941146447,6,4,9,1
demo-0152,Endless 152,Demo Artist 8,classical,2022,loss_longing,0.23781464737908906,0.9765883143617525,loss_longing,self_identity,none,none,A demo lyric about loss longing.,bright,G,185,31,136.300785203402,77.3788894673766,0.23781464737908906,0.5850818635047885,2311.8120008665396,4661.186700488989,0.5603473087034924,0.5543331654305241,0.18348046404632395,0.991816439462877,0.10409241388020685,3.6193876756455126,-0.671955630625928,3.0379989450534133,2.09135137398776,-0.2499712152446163,2.5461378272397868,3.2508397491520586,2.463887003821573,2.6848276370596134,1.6883238876609385,0.2386102447789782,2.791864022337064,0.03127084436663363,0.09339507605582556,0.023641175819004684,0.04384800477820515,0.019602425654474273,0.034721401017362215,0.013884479694114575,0.19625103796204924,0.06658477684175701,0.0453430391074338,0.282571121384759,0.14888661731838077,0,1,10,3
demo-0153,Midnight 153,Demo Artist 9,pop,2023,empowerment,0.3803101529616139,0.3897890508858285,empowerment,spirituality,none,none,A demo lyric about empowerment.,dark,G#,241,51,77.28955954043454,37.02497114273827,0.3803101529616139,0.3801625594648198,888.5402312028427,2257.167080349702,0.4720743406003822,0.33791176560340414,0.11045759333835209,0.7444774055829795,0.38614690099219057,0.02825537151004551,-0.3039346765201432,-0.3281428321466607,-0.5081209924156869,-1.6458011720890138,0.38289509516169207,0.2315468252783205,0.8496702524484937,-0.5314569023067949,1.8953836254766674,-0.3797359478496331,-0.8751096421946959,0.2543720720691652,0.04637007326651093,0.012003358122677487,0.009479288601866524,0.01414556868162294,0.24104241696219025,0.008234949851414366,0.057712062536883504,0.2147669408641211,0.046287932531038044,0.009308255612875673,0.08627708089963392,5,2,11,1
demo-0154,Golden 154,Demo Artist 10,rock,2024,loss_longing,0.16823753603370203,0.39090228056149867,loss_longing,self_identity,none,none,A demo lyric about loss longing.,acoustic,A,295,89,80.77123381755037,43.98466712382823,0.16823753603370203,0.45156746710619045,1181.8601007187283,2523.655441180873,0.3507598334275506,0.4511903221389192,0.13025627410390747,0.8430719256469985,0.46673516963335915,-0.49695765328120606,1.1671818141120127,-2.831904818744181,0.682845708865145,2.8703219809445986,-1.208373387331847,0.058630545298633985,0.2920890098752736,-0.1625828140565771,1.3363742425589795,0.772451014355301,0.45230037254731925,0.035667684346265986,0.06117130478430563,0.22778429955409205,0.00414780915442606,0.0247874521810406,0.08824031416924932,0.1366911420627213,0.08984179822922009,0.10303251173743298,0.16702785830721795,0.005248189301400825,0.056359636172627264,7,0,0,3
demo-0155,Electric 155,Demo Artist 11,hip-hop,2025,anxiety_darkness,0.7731100317898926,0.3264067124242567,anxiety_darkness,romance_new,none,none,A demo lyric about anxiety darkness.,punchy,A#,225,32,96.29020087106436,47.50857474435351,0.7731100317898926,0.27746140007191195,1456.1438938436663,2977.8251946605797,0.6698473913821018,0.5042620020352022,0.13307365417622638,0.8520720898701739,1.4684723215011957,-1.2187577691239184,-0.9010594336215146,-0.1360079001897717,0.47017982832744676,0.9881369233081794,0.92468165322885,1.7171058114560314,1.7484952985803508,-0.2723851082937929,0.8385761100504712,-0.24783154772183824,0.4117529616464333,0.027452821726915672,0.010408286584508455,0.16752184520126126,0.06293607118749264,0.00818008282154246,0.16481608925577657,0.006215283933783769,0.02365660425211973,0.1735938045060153,0.0899662609784114,0.07238207322721668,0.19287077632495594,3,3,1,0
demo-0156,Velvet 156,Demo Artist 12,electronic,1995,social,0.6968111565968861,0.6701060131523278,social,bittersweet,none,none,A demo lyric about social.,warm,B,265,96,119.30786583542361,67.44538583630535,0.6968111565968861,0.5053928359039537,1544.0112105447079,3190.712875051435,0.6965644251247276,0.6444939716114074,0.12443364880576678,0.6462557050873359,-0.28386786263997377,0.38219999730202947,0.8440630059395772,2.6690833257701194,1.4359928049252244,-0.01207851018979389,0.1720195146358846,2.274748683230654,2.026610348629192,0.928149910224203,0.4574735344611677,2.024932835704643,-0.09332712672468657,0.030769389305359513,0.017870939302948096,0.07470906508285,0.08655962516423175,0.03013023745752881,0.047354229382149796,0.19146455376697266,0.2571394979106532,0.11790898324081349,0.03813032826318352,0.006913721398617531,0.10104942972469146,1,4,2,4
demo-0157,Northern 157,Demo Artist 13,jazz,1996,joy_celebration,0.4880051519625947,0.4296226824315252,joy_celebration,nostalgia_memory,none,none,A demo lyric about joy celebration.,bright,C,236,73,122.13735064319685,47.461215306538044,0.4880051519625947,0.5773194253399606,1808.6874129635223,3639.011922407837,0.6156554325139708,0.4539566554255447,0.14545105245942935,0.773096951573934,1.63846362477666,1.5416908859581642,0.817339739135798,-0.12929872292179923,1.3462370569655076,0.995730512192701,-0.6903722477087584,1.7076617688887175,2.1653421122427754,3.72835647520895,0.8088024966793389,0.6612881034509323,0.09057896956075862,0.11474388023237497,0.04116200592140522,0.0034933691360616434,0.16669372503862032,0.07303601078949408,0.04065669751157043,0.07262623914746845,0.021495547278628336,0.03648661506619361,0.10230746787395195,0.08584154164914111,0.2414569003550898,4,1,3,2
demo-0158,Quiet 158,Demo Artist 14,folk,1997,empowerment,0.42697316345169956,0.8536136419277739,empowerment,spirituality,none,none,A demo lyric about empowerment.,dark,C#,241,23,114.70634243504804,73.79253131323227,0.42697316345169956,0.6807289525004044,2078.761114315399,3916.7418508338865,0.28180586044458455,0.6958523054775905,0.14450291791939035,0.8779621020735899,1.4786535809294403,2.6368686334505633,2.815236628744281,2.699170468677206,2.7055405644802866,0.4630060953412818,1.9826354994557758,0.8924709590445837,-0.14906633135919845,1.212528867944164,2.8247369656272516,1.9607420101184636,3.517809371605892,0.027049644751995283,0.08010220691490536,0.0013975254575464306,0.08821601845456752,0.018949871357001265,0.013685157713560414,0.016639923100608904,0.1257166744985078,0.15071948199469545,0.03127547040221263,0.07197699358086367,0.37427103177353516,2,2,4,1
demo-0159,Neon 159,Demo Artist 15,r&b,1998,loss_longing,0.1952116481843319,0.7664843506171616,loss_longing,self_identity,none,none,A demo lyric about loss longing.,acoustic,D,166,89,125.94517244158726,70.38828961633698,0.1952116481843319,0.8179912868285886,2267.663330163967,4077.7361090594045,0.6243067109193462,0.7891799100988084,0.1999657796668267,0.9186891344599082,1.825674453657999,1.5833067459440793,2.3760695035613906,3.473974495271046,2.2337691222144516,2.2545318718688105,1.8513978543170921,1.4721089373687875,1.6378654933560821,1.9354259852455298,3.518099996239822,1.5602862214691982,1.8526120759113804,0.11723985572976069,0.11769136617248475,0.2932818525832326,0.012205944587621103,0.00845755610642438,0.008134979797108895,0.07796784390427901,0.011830469557417117,0.07997390979534055,0.08705221183555038,0.011986762611809148,0.1741772473189714,6,0,5,3
demo-0160,Endless 160,Demo Artist 16,classical,1999,anxiety_darkness,1.0,0.878534085757863,anxiety_darkness,romance_new,none,none,A demo lyric about anxiety darkness.,punchy,D#,277,38,123.3427773775348,97.48834416405865,1.0,0.7117369267969156,2477.493661324471,4546.425529568689,0.5258046705170702,1.0,0.1561582768674326,0.7755877228247382,2.0799054516242035,0.5157836611281474,0.938689795277404,0.9784339387223411,2.8641082236837745,2.3453549485724166,2.711061200073943,0.26034501019753575,0.6164333139483968,2.7632154402564955,-0.6786696416660507,3.3246293575998047,0.27668285647721014,0.0132858977012407,0.004542091638830353,0.0025311236827655664,0.11067990448279262,0.3368567915697516,0.2313866368535346,0.04890918558368741,0.0038989221376089464,0.015688697355947655,0.13599140368038765,0.021199371794318543,0.07502997351913455,0,3,6,0
demo-0161,Midnight 161,Demo Artist 17,pop,2000,loss_longing,0.08413137296236953,0.5429959141714793,loss_longing,self_identity,none,none,A demo lyric about loss longing.,warm,E,265,54,63.77847458077528,44.366493313958,0.08413137296236953,0.4275949458672559,891.9188816629016,2543.3744746795646,0.6832034193970014,0.4037576479002583,0.09830020398126503,0.8121037939663575,1.5263031999864394,0.437517713367115,0.17629262109645927,-0.1998795870983077,-0.0505570358546391,1.3045920856783244,0.0037053507974743488,-0.3949972712981747,-0.5645071656136869,-0.553765153836162,-1.402095996042765,-0.750375308326479,1.498420275650323,0.014057926525907361,0.002473928126822981,0.06508125928970736,0.010320157666980537,0.09020925778711006,0.04392180144194078,0.2550738844925989,0.07961558955755954,0.11850832579582074,0.06057136220813413,0.10044005381598659,0.15972645329143093,5,4,7,3
demo-0162,Golden 162,Demo Artist 18,rock,2001,anxiety_darkness,0.7227051702342051,0.25473830414168697,anxiety_darkness,romance_new,none,none,A demo lyric about anxiety darkness.,bright,F,270,32,95.90752768180288,37.232690543025775,0.7227051702342051,0.37625331813928303,944.0686072688609,2560.5210108669125,0.49199855566299083,0.41552908673396927,0.12213466354823453,0.5014177465890077,0.8452422044284569,-0.7034794095040837,-1.121728741448699,0.11152658962643627,0.7109711090300115,-1.3407346102868243,1.0045764170575515,1.0633388475316,0.3469761962994977,-0.5676236302270485,-0.6793780041892921,1.3259321315802275,-1.2112226864959048,0.056946668367031224,0.3064616314063305,0.03268548554706795,0.12805144024809018,0.023057120914522958,0.02356593413714798,0.10345144107351713,0.12196822779860474,0.010386179899351408,0.090202397970431,0.0849857875451333,0.018237685092771648,7,1,8,0
demo-0163,Electric 163,Demo Artist 19,hip-hop,2002,social,0.6777344598994967,0.33528400036843664,social,bittersweet,none,none,A demo lyric about social.,dark,F#,305,49,94.11845376430819,20.572918772257324,0.6777344598994967,0.39586553790953233,1243.7036932142844,2785.4733570969843,0.5815710871876859,0.16536699744960243,0.13514847636100763,1.0,0.538116764872605,-0.7443948032833053,-0.7447447463164129,1.3765655517115754,0.5402538210395563,1.4768308960640528,0.06636575084065044,1.4306235475398315,0.44170082655027454,-0.13250405532394915,0.1990015211976155,-0.5970543554232365,2.5893595585816116,0.13227628179408846,0.03071323693326807,0.10561430770253012,0.02076334198043026,0.025260167332032957,0.18269319705329803,0.0591058062793254,0.01750883054070758,0.0028084482910401536,0.3481583065515159,0.00021372359629263522,0.07488435194547034,3,2,9,4
demo-0164,Velvet 164,Demo Artist 20,electronic,2003,joy_celebration,0.6314278535082547,0.6181827503559288,joy_celebration,nostalgia_memory,none,none,A demo lyric about joy celebration.,acoustic,G,256,62,104.75420189536257,58.98827120861293,0.6314278535082547,0.38775876944538956,1414.4001515436546,2964.898667870983,0.30017813664625315,0.6296557058296495,0.13580100183327512,0.807949606309145,-1.6927165154022688,2.9554768586186184,0.005727995846444234,2.9518127559389575,-0.5492414806513162,0.08759884144346297,-1.30284938250963,1.2621249759426973,-0.20125682081123242,-0.17300015409835434,-0.47251421717439746,1.6773550627378628,1.6114636515675471,0.05107765805890384,0.04452301234646207,0.08122462376709823,0.018147087927339274,0.009080901525807919,0.12747472398686405,0.033480500130795766,0.029785330846761007,0.2021300542266965,0.23690754755882193,0.06882783692469213,0.0973407226997573,1,0,10,2
demo-0165,Northern 165,Demo Artist 21,jazz,2004,empowerment,0.2933190810544865,0.506253508943434,empowerment,spirituality,none,none,A demo lyric about empowerment.,punchy,G#,200,48,109.45928613195218,55.10483724923582,0.2933190810544865,0.5539689478000964,1708.5303769755665,3920.276150058845,0.6957515733269637,0.5149952667524186,0.13452769890590752,0.778575545662909,1.3458719782825994,0.4987740073685647,1.6388165233616965,2.6520881320393146,-0.11362810900416331,0.07185326290793292,0.716841444702693,0.7632044398921702,3.1984658747459305,2.2017092200148385,2.144322352118264,0.9356343064865995,0.9136865932131859,0.05464557697234118,0.004880757378987112,0.19752234719390518,0.20224795107205445,0.0053920605595582745,0.10084437011325101,0.09401252004727419,0.0660660951113032,0.023365890520156075,0.06634588791427298,0.1566234224014819,0.0280531207154146,4,3,11,1
demo-0166,Quiet 166,Demo Artist 22,folk,2005,loss_longing,0.03323153978767468,0.5120456308952882,loss_longing,self_identity,none,none,A demo lyric about loss longing.,warm,A,230,77,128.39747733393116,52.296352784555644,0.03323153978767468,0.6284300968536077,2185.4406796610697,3792.2706050677857,0.6429955327464172,0.5004019834002351,0.13970802321431705,0.7322490883119364,-0.5605289471243124,2.7870922599469115,0.8583675608619837,0.6985612202448036,0.3200283183873245,1.295640563463717,3.2634923105597426,3.5937788508227175,-0.16086687580208325,1.1455520040237177,0.46564222990630144,2.4883377412115197,1.7865935472939267,0.17952494011376746,0.06124732453161397,0.028845157885626176,0.056951201221936865,0.0139697684233084,0.02185524729972426,0.11267402154771397,0.0215987750475666,0.22642440603674538,0.015643614995636972,0.1295854723747614,0.13168007052159858,2,4,0,3
demo-0167,Neon 167,Demo Artist 23,r&b,2006,anxiety_darkness,0.7385763552214851,0.7420460293563721,anxiety_darkness,romance_new,none,none,A demo lyric about anxiety darkness.,bright,A#,224,57,114.32030957234738,73.9313393873109,0.7385763552214851,0.6629154980661047,2261.4810442143985,3770.5634582924786,0.4428267038446356,0.7897976807990501,0.13097093351253455,0.8229182834784173,1.8659745031060033,3.514380320356602,1.5698638068883621,1.6283994016249295,2.6549597531646882,0.47365133195065523,1.5791167934491412,1.3442749891594894,1.6610881872948995,2.648406448962838,2.354161485082173,1.0513176914713236,1.9366992033272123,0.05970825502880596,0.05102371958364303,0.019812933428439188,0.1251228810155723,0.011596130718069,0.22533993106253883,0.0433402585065,0.03686596834886525,0.04153388350812996,0.25583183449957514,0.044574060906688286,0.08525014339317313,6,1,1,0
demo-0168,Endless 168,Demo Artist 24,classical,2007,social,0.7470498600372373,0.7744502100507427,social,bittersweet,none,none,A demo lyric about social.,dark,B,284,42,137.08920439845056,69.49394417725088,0.7470498600372373,0.696915777579488,2368.995884673733,4320.907609356513,0.635609742395039,0.6602687752141412,0.19970312689875708,0.7684165831680176,2.1205085640163346,2.8587280206543344,2.123864421189582,1.8020916857146898,2.0699765521915285,2.993818353557584,1.4371477778632946,1.9737629927267353,2.1102867273374755,2.9645851955276563,2.0001546261285634,3.908299094493722,1.943461422284905,0.0725462314939426,0.03983997088643666,0.10228318103868742,0.30060925254366133,0.027591449521256358,0.027692858605631622,0.0004068043423215241,0.03302908424550192,0.0070515680633858125,0.165207136618586,0.21328451232544102,0.01045795031514773,0,2,2,4
demo-0169,Midnight 169,Demo Artist 1,pop,2008,anxiety_darkness,0.9450988856251776,0.30986134093676304,anxiety_darkness,romance_new,none,none,A demo lyric about anxiety darkness.,acoustic,C,213,80,80.7467836906467,29.057016557676132,0.9450988856251776,0.380583925388649,831.4260514886082,2239.499192551588,0.6389840103825588,0.23255580827876865,0.1002469091485228,0.6885610346949285,-0.9835804969268109,-0.5631000774803041,0.47711953787947037,-0.32202262863813463,-0.6484181249684061,0.051554563324959245,-1.1469627282664296,0.4288032178339101,1.13138676195831,-0.07920404098801156,-0.2026489933002083,0.3734403532155694,-2.028469418831545,0.14646473525057524,0.2680259898447295,0.02768410870045658,0.14295751463335785,0.02993741497060368,0.0869191429878083,0.0918764094489805,0.022544198440734145,0.05607247061486188,0.025142882585401653,0.07520812073814638,0.02716701178434422,5,0,3,0
demo-0170,Golden 170,Demo Artist 2,rock,2009,social,0.5475450198927145,0.5424438500717425,social,bittersweet,none,none,A demo lyric about social.,punchy,C#,151,74,83.59394907753618,44.38195549302337,0.5475450198927145,0.29137759984065215,1044.426233094241,2787.5071162548893,0.5155185747340546,0.41585943124394764,0.08709544058226554,0.6128298513600564,-0.9512806335226867,0.4119592414443779,1.2802337687226637,-0.26035149242220107,1.8705436007190146,-0.41750042222822686,0.0619882771201207,-0.7795767203372519,1.290761734567856,2.3975106140445677,-1.4618169609361977,-0.046162068634698294,1.5647798470500351,0.020366778319503388,0.02354479949957443,0.08165035933917565,0.008600473205680423,0.028463056285387867,0.07160692393485757,0.17705356572115669,0.017483623927638713,0.11419755151499635,0.04534298362264542,0.27483829460130393,0.1368515900280796,7,3,4,4
demo-0171,Electric 171,Demo Artist 3,hip-hop,2010,joy_celebration,0.45975979898249963,0.5047083937160658,joy_celebration,nostalgia_memory,none,none,A demo lyric about joy celebration.,warm,D,193,99,90.02721127722766,48.23227725145359,0.45975979898249963,0.3851675498058088,1441.8398189258223,2883.125055946194,0.7159003656817065,0.4905571535055218,0.11503153584057935,0.6216275111905445,-1.0197346938117402,-1.2356986904271028,0.9793391662842397,-0.7622494798674596,1.855577365919383,0.6302465648559537,0.35581308089833114,-0.24385507520433813,1.2222587482702063,-0.20449781954241142,-0.38537800406988076,1.7883499206053486,0.9546211607750226,0.05579877834612184,0.04992193959193306,0.11649614251720294,0.04522594548605307,0.0593639860709229,0.036823101047651643,0.416044829305522,0.02383244071960817,0.05908111414666567,0.09138559665795251,0.04363924359693008,0.002386882513436332,3,4,5,2
demo-0172,Velvet 172,Demo Artist 4,electronic,2011,empowerment,0.43605083210230894,0.5768403432132179,empowerment,spirituality,none,none,A demo lyric about empowerment.,bright,D#,193,22,99.27764853713698,42.91251551403026,0.43605083210230894,0.43812426860158765,1488.427649737788,3468.056103807848,0.3493648210804694,0.38201921404776396,0.16221801872828756,0.8624548425888363,3.020370249042524,0.44956136217414666,1.0262811372375693,0.2393230562281955,1.0433011686476958,-0.8740966972843038,1.584954556655008,1.2234740834923379,0.842445337534081,0.5096356754003352,0.0052460126319003875,1.6277129120327611,-0.2710899857034066,0.010445436873694406,0.12882873198506678,0.019926384069983934,0.15539340728106307,0.012513308298267274,0.03574822824774754,0.06534736376769334,0.2906222637693136,0.021728884259061818,0.10553863195137976,0.03427480983729423,0.11963254965943405,1,1,6,1
demo-0173,Northern 173,Demo Artist 5,jazz,2012,loss_longing,0.09863292774960196,0.6479196624074703,loss_longing,self_identity,none,none,A demo lyric about loss longing.,dark,E,245,55,115.669846244859,73.0160406239191,0.09863292774960196,0.46340858191404866,1742.8892887780694,3231.315748764766,0.4728170260541781,0.7720065455203973,0.1313008300172771,0.7750965294056198,0.07020460170394816,0.5516415863750742,2.9581109162143386,1.2729248917171327,0.19769223334940178,0.8852280500820083,-0.39742762116656216,0.18584030785978767,2.5603397390464533,1.057517575613395,3.0907301761012063,1.104652161503944,1.164021303808504,0.24566216445884798,0.20916028754449045,0.021472949070214555,0.03380956584559236,0.1319538285005345,0.13074476100090196,0.1200285709962658,0.006883294751794863,0.020610230720831686,0.012024909998488643,0.06533140381178457,0.002318033300252648,4,2,7,3
demo-0174,Quiet 174,Demo Artist 6,folk,2013,anxiety_darkness,0.8272497622792968,0.8510685513543033,anxiety_darkness,romance_new,none,none,A demo lyric about anxiety darkness.,acoustic,F,281,78,123.7429729447417,83.46158376834228,0.8272497622792968,0.6626884075437839,2120.335616737794,3909.562834324482,0.5251477197090053,0.8965744407878243,0.14818207719835724,0.8033246516344662,3.2215769172969146,3.121924127955231,1.4918241930766771,1.0464484226943833,2.9631735002084985,2.300418357915214,1.815581254197363,1.1781272898100554,1.831696578714594,1.4782915401122974,0.8356618204270042,1.629042328587235,1.7654240456396075,0.046961076035992894,0.136510656554203,0.031881556305114245,0.10443733934757758,0.11436310541705727,0.0018420977509681267,0.21760363021845364,0.03846808489234173,0.12352026864580204,0.03809923953668814,0.03359271982872703,0.11272022546707428,2,0,8,0
demo-0175,Neon 175,Demo Artist 7,r&b,2014,social,0.6699336401030542,0.8084357992367844,social,bittersweet,none,none,A demo lyric about social.,punchy,F#,263,85,109.08810218240072,79.5338018832143,0.6699336401030542,0.5901952712734747,2154.2739578195483,3741.002929922383,0.41835173115908764,0.7829573671759217,0.15569146893029084,0.7338276401811856,1.4584861856185993,3.5238938281238616,2.462145281490603,1.2396992231018502,1.7316522116380364,1.771686664347733,1.0320445662598488,1.0308697822561452,2.810524020326713,1.3802156224831839,0.7053036129691284,1.7568596559305572,1.9180097531291234,0.15740292750822973,0.01939834839712462,0.022292613119649373,0.2602326054697203,0.06943478812162542,0.0751881856869314,0.04540896527067608,0.05396107694211998,0.06691794143758616,0.0289394753928515,0.02468778051334348,0.17613529214014184,6,3,9,4
demo-0176,Endless 176,Demo Artist 8,classical,2015,joy_celebration,0.4481817885537349,0.8147611229444268,joy_celebration,nostalgia_memory,none,none,A demo lyric about joy celebration.,warm,G,253,22,125.50457200110625,78.29223583393963,0.4481817885537349,0.7530778634484403,2353.474627106332,4093.0461955709857,0.28166646180318655,0.7255590337663231,0.15234056187772052,0.8414423329478639,2.318938847071636,3.1652793716991994,2.852801822941771,3.1719029561826577,2.708396191459123,2.3096793090914898,3.1993517422876554,3.0194127917400997,2.476095367553991,3.3710718708601424,-0.2457882425033966,1.8095368258595501,1.7942095343482691,0.03215337207473822,0.14560677442802278,0.059673424072729145,0.010126049173092599,0.16334325814659384,0.05192537140642843,0.007767274513787433,0.16334046847157746,0.11251706592187244,0.024282533340609605,0.04109649372294371,0.18816791472760436,0,4,10,2
demo-0177,Midnight 177,Demo Artist 9,pop,2016,social,0.646833382802204,0.2955511872344448,social,bittersweet,none,none,A demo lyric about social.,bright,G#,211,87,55.0,29.798536042665617,0.646833382802204,0.2234444520808717,900.6649011350157,2004.5973577152095,0.46125194640933237,0.2916815836081607,0.08684627782415064,0.8064468926102673,0.6281492777578134,-0.23626644503100197,-0.45319473396873566,-0.16576491665387216,-0.007436346645589392,-1.740319565334422,0.46155391796127865,-0.4510012294467944,1.2615350748110512,0.5910534756424747,1.1700664042196551,-1.0110037937149083,-0.37138664118742654,0.05363891202642405,0.4810578566978441,0.04488327549526137,0.13403096489357494,0.058614895018444614,0.004519142523890203,0.0006639008861267638,0.018478115177301007,0.028780782322345908,0.057180156714904076,0.03204670051106804,0.0861052977328149,5,1,11,4
demo-0178,Golden 178,Demo Artist 10,rock,2017,joy_celebration,0.5129673446847073,0.38963758885798494,joy_celebration,nostalgia_memory,none,none,A demo lyric about joy celebration.,dark,A,154,82,80.07394624761976,35.63843112633356,0.5129673446847073,0.42756566877731833,1144.2247111638908,2403.5370080487373,0.5056584345023357,0.3755427623961452,0.1443647448290276,0.878632366829158,1.5145568559539437,-0.31060739629963,-0.22418290625500265,0.06462000718700989,0.156427353361836,-0.7080249578028903,1.5659336265568182,1.183351637758792,-0.005677861301507214,0.9417106490138536,0.5228991630038379,1.0198279809313746,-1.04430712352563,0.03496101331627224,0.04994381446580959,0.06490992957668412,0.12908898965573243,0.09315729080089823,0.10260445754449332,0.08639153985471337,0.06504896228701973,0.19388667978410218,0.006262906544037964,0.1077118981730626,0.0660325179971742,7,2,0,2
demo-0179,Electric 179,Demo Artist 11,hip-hop,2018,empowerment,0.3027911638274049,0.5912793028411153,empowerment,spirituality,none,none,A demo lyric about empowerment.,acoustic,A#,188,87,102.35124838956243,60.250200586036314,0.3027911638274049,0.4513999149601291,1235.0972044795265,2819.3980981427044,0.5764476144809421,0.5899660602242494,0.10931058756574799,0.7345726314015669,0.9389618992411148,0.24194572078931487,0.1462422652372538,-0.7360617550554057,0.6776405765271696,0.4187765612080918,0.2783516513580353,0.7987706774887184,1.3480022627358978,1.3015654719404686,1.1527285008997628,0.3593297213642787,0.03300166405875804,0.07183593164230913,0.035187862120958584,0.04873902952958546,0.040547087792020174,0.1035311667858302,0.04226172911880246,0.05167512067948398,0.20505502303078643,0.17777180952840793,0.005656131109904278,0.027652088857974693,0.19008701980393647,3,0,1,1
demo-0180,Velvet 180,Demo Artist 12,electronic,2019,loss_longing,0.2857305471911258,0.3592967386918251,loss_longing,self_identity,none,none,A demo lyric about loss longing.,punchy,B,164,79,118.55280241861095,50.41323950404902,0.2857305471911258,0.26349299764639333,1518.2996125299892,3030.5895342634785,0.46028423436428995,0.48321314155969397,0.14623518196958718,0.788743009303201,-0.01090721419995666,0.7278148387048757,1.4147842369624097,-0.2837213277652819,-0.7462336889699805,2.89274280083532,0.25757332029156366,0.7626470130804771,0.5022045941744273,1.448087704082142,2.6727899230910435,1.4799338417292842,-0.6183651475399912,0.360902527108715,0.057131827891492265,0.02145203553905642,0.19789647617900202,0.062476218250920285,0.1485112203848246,0.06822370921649024,0.012970061770959397,0.012373241195530654,0.03838630774175261,0.012418249298074198,0.007258125423182014,1,3,2,3
demo-0181,Northern 181,Demo Artist 13,jazz,2020,anxiety_darkness,0.7130211742729318,0.5070701101276368,anxiety_darkness,romance_new,none,none,A demo lyric about anxiety darkness.,warm,C,261,23,104.39872477596997,53.021690918787556,0.7130211742729318,0.6159743922253087,1645.763088883712,3792.3041399592976,0.3012410550761969,0.6109884228468053,0.11966978756186614,0.7998986767463385,0.7098038865219802,0.8562713284621453,2.001357236355549,2.699826797228811,2.390524704955642,0.7951436676581523,1.3842552224045532,0.41792212633163783,0.20844968742530512,0.05369909427133113,0.7624266930158707,1.4496056310149419,-0.7118151597515048,0.13987826864461655,0.1019214772098731,0.09297452493597698,0.01290058372157045,0.16329754295946394,0.026996373395185905,0.0291128730475643,0.1723085646483789,0.010224038524282022,0.10809565649174906,0.12999364172111505,0.01229645470022369,4,4,3,0
demo-0182,Quiet 182,Demo Artist 14,folk,2021,social,0.6235159574822334,0.5283514623653246,social,bittersweet,none,none,A demo lyric about social.,bright,C#,161,58,120.40909907821487,63.79389395822962,0.6235159574822334,0.7428102241572712,2070.966031543271,3693.0988407879677,0.34942061245737277,0.5695143679061769,0.17946448691278943,0.7221825715722134,2.980229868971307,2.0250720408620664,1.8299028815939604,1.1931316874397018,2.1606729130022506,1.484529237163198,1.1307867085311896,2.1960047866482,1.3560278907788694,0.7016652212611731,2.0998267754606514,1.4360143443714348,1.9889100117578045,0.0333147029322135,0.18344332998735238,0.037559975574827285,0.06904651427140149,0.08544736509365787,0.07327281785175221,0.04384415288025378,0.18903056780969807,0.16914956673832526,0.06330303265953548,0.006953666446832299,0.04563430775415047,2,1,4,4
demo-0183,Neon 183,Demo Artist 15,r&b,2022,joy_celebration,0.38812864714479983,0.9636658300444215,joy_celebration,nostalgia_memory,none,none,A demo lyric about joy celebration.,dark,D,196,67,123.2380059572709,92.22110394216614,0.38812864714479983,0.6388796406185763,2019.8697698881897,4314.821749798344,0.3844807876038969,0.9174706114521619,0.13530995440414778,0.9556894600097433,2.9548853107256825,1.768415250786869,0.6458510644130717,3.335907049242632,1.4340682729528527,0.6947951591824812,0.03788198752745586,1.154034868106225,0.3453618774700602,1.177179163477175,2.544408733697715,1.4245998360247665,2.1556933821137108,0.19798488404189044,0.07379436572927493,0.03257074282391897,0.10069416485955344,0.17202164393316707,0.1266072645220703,0.04491975221446816,0.007899856845264102,0.1686590802527823,0.05617464052905251,0.0029129259506579116,0.015760678297899584,6,2,5,2
demo-0184,Endless 184,Demo Artist 16,classical,2023,empowerment,0.3138047728389826,0.9378740061262684,empowerment,spirituality,none,none,A demo lyric about empowerment.,acoustic,D#,250,97,137.22347376022034,85.05214912653202,0.3138047728389826,0.6887835764666775,2411.946953835847,4356.841259576233,0.5074963962059893,0.7967868061807318,0.1749511396937759,0.8044187834959586,1.5598464459275276,2.044972033609704,2.23400447616791,1.483642946734888,1.9712414242703309,1.0944480591050791,4.4457330389610075,3.1591186602081853,2.373094105631551,3.2721129274766954,0.1207475233162223,-0.45767973783400606,1.700708938250094,0.06362217594491325,0.09528710871566709,0.13345867231304323,0.1803133112517192,0.1712836123995695,0.012249213301588865,5.7663641499651176e-05,0.13029402156944925,0.02100199862128976,0.055037966615892185,0.11688429550292435,0.02050996012244381,0,0,6,1
demo-0185,Midnight 185,Demo Artist 17,pop,2024,joy_celebration,0.49522652155515773,0.4129198874613253,joy_celebration,nostalgia_memory,none,none,A demo lyric about joy celebration.,punchy,E,233,22,72.60661216648329,43.91392807946664,0.49522652155515773,0.08704277302741373,532.4558252190831,2429.035988851129,0.6845387686819544,0.5335063281074638,0.09964943503435646,0.6707365198002109,-0.41958384265100146,0.011424515361312802,-1.0070382242851093,1.6485747229738668,2.239502879643737,0.47828070073017764,-0.010863746698195903,-1.2949669784744322,1.5464338961560513,0.07630681084904649,-0.28916439841061226,0.48117408867453765,-0.5857115289891855,0.10153884558360618,0.05424970192572306,0.11377513317335958,0.05092584222688143,0.14515179099146436,0.06332259821736361,0.08431449311975084,0.1949721928448346,0.006439641976557928,0.03303450301611304,0.1316021417300823,0.02067311519426291,5,3,7,2
demo-0186,Golden 186,Demo Artist 18,rock,2025,empowerment,0.21351224478257924,0.4060824328036815,empowerment,spirituality,none,none,A demo lyric about empowerment.,warm,F,301,66,79.97329572380877,42.45469020427228,0.21351224478257924,0.34202145966293424,1129.4887261011272,2497.3271221415403,0.34542267464185933,0.4227295958593776,0.1298814634001179,0.6948824052732909,-0.07448188948581802,-1.0816313239350772,1.241381950490345,0.2076417931621211,-0.5501996336058632,0.39226560014317735,-0.9036002148954527,-0.7334955314604064,-1.1601335298517805,-0.7667792375573999,1.6573375839998064,-0.43311833128259597,0.7662251226514788,0.3369399631846179,0.09658450569247243,0.03066290723606994,0.0612629723614473,0.01604705629911027,0.09304471233906016,0.056767656544152535,0.013236724761113833,0.057994762550590044,0.026750024796520624,0.15140725269194374,0.0593014615429011,7,4,8,1
demo-0187,Electric 187,Demo Artist 19,hip-hop,1995,loss_longing,0.1666329418286439,0.41495175704001475,loss_longing,self_identity,none,none,A demo lyric about loss longing.,bright,F#,248,58,102.23164842840009,44.15722929064047,0.1666329418286439,0.30619131212187045,1295.9744628453002,3028.2495065169255,0.4954722714281221,0.39260258456126623,0.09302648687252085,0.7770000803972218,-0.15702956585046646,0.8052310917029779,-0.8014511477241796,1.4130357368876219,0.7155495231644646,0.789836394352477,2.0410767782400168,0.16220450162813405,-0.125816694733224,0.05223637165312678,0.407473430476742,0.5090351052086713,-0.23069773660177317,0.12193089661090596,0.14774801140073696,0.06717097558311777,0.0012008153823160025,0.09692741589782217,0.1493667056369876,0.013417313224266179,0.13835002012439818,0.039271573588590826,0.03204143139470263,0.06945227239117728,0.12312256876497875,3,1,9,3
demo-0188,Velvet 188,Demo Artist 20,electronic,1996,anxiety_darkness,0.7729730134919791,0.5747396551559353,anxiety_darkness,romance_new,none,none,A demo lyric about anxiety darkness.,dark,G,223,74,97.47115032176072,52.50395262843308,0.7729730134919791,0.291586409185736,1736.770787372701,3120.3145751344628,0.5683370656004865,0.597928861019901,0.1360058687488236,0.9444343702093432,-0.341737812151367,3.297376589597702,1.9871101984887656,1.1092024924866408,2.325079332625445,-0.26863488598937213,0.6113851212305061,2.344250396402379,-0.9670601808949648,1.4604577749588048,1.4321761598451537,2.8692258168221625,-0.6829554197222365,0.051185976600400224,0.012320456045022675,0.036876146243087965,0.13773875324317045,0.06619829985255211,0.0531674927049916,0.07107101462896825,0.2775955473456578,0.06245823628840193,0.16486713558604046,0.012340857237188285,0.05418008422451825,1,2,10,0
demo-0189,Northern 189,Demo Artist 21,jazz,1997,social,0.6527368094666238,0.6124142055151643,social,bittersweet,none,none,A demo lyric about social.,acoustic,G#,176,78,104.51923753128455,55.67176085682777,0.6527368094666238,0.45646223875390735,1749.131337470702,3564.716925498733,0.2808912041042074,0.5121871937178984,0.1256162620807412,0.7792177811279624,0.43896609637321415,1.9070407250968997,-0.40513320145841747,-0.37971869719442464,0.8661111884885375,1.0243471958601433,-0.25464387285810375,0.5932511573524352,0.7989561825809106,0.8067020529778544,1.3518814832892914,0.538421115576438,2.6778363000082734,0.25544390404058276,0.07337165855975455,0.046842134850767436,0.18341636086771668,0.09027483795168607,0.051466663696864125,0.06905639023989643,0.05794756116154537,0.0001157028963232489,0.04359818675629528,0.12677431789399857,0.0016922810845694685,4,0,11,4
demo-0190,Quiet 190,Demo Artist 22,folk,1998,joy_celebration,0.6344245684782668,0.634623602998901,joy_celebration,nostalgia_memory,none,none,A demo lyric about joy celebration.,punchy,A,306,82,111.32307931140859,62.834599674474006,0.6344245684782668,0.5029571531841034,2016.7870953711988,3652.3979835248897,0.6647222378281621,0.5636992440446613,0.15254482897946503,0.9150223758497454,-0.6522470646236362,3.518265543792186,1.0747148028018905,1.6410953821621392,2.0714492255163437,2.2261290561155533,1.773883938259682,2.4973845837063675,2.0190707129218124,3.2608811400323034,2.0223275428545975,3.464635519883087,2.401078840237656,0.03670691820722724,0.2552578049230013,0.08175566242839571,0.08149521895400998,0.0949230412631906,0.016534016157001893,0.06418331486364048,0.11908360156610778,0.12780886787059256,0.04542049680991769,0.013293021980431252,0.06353803497648335,2,3,0,2
demo-0191,Neon 191,Demo Artist 23,r&b,1999,empowerment,0.426892577097428,0.7075614491617684,empowerment,spirituality,none,none,A demo lyric about empowerment.,warm,A#,231,61,132.44981411531992,73.68337887727648,0.426892577097428,0.47770487972437137,2230.722060196601,4059.9007313211605,0.36315228131695676,0.7536609999865639,0.18454902593617312,0.9039143831484182,1.6648869690933712,2.6757409637609486,2.668067898445844,1.712628729506833,1.1069194480117919,1.16476596887767,2.637853348868137,1.757853186287309,0.7538177802694115,0.11513716449087497,2.631831452096379,1.253221577735776,2.1303877556559816,0.020598424706902096,0.047722259568774045,0.2282367102206444,0.022251087731186787,0.15988264525590912,0.08982583672590272,0.13819342045103844,0.0563107200879628,0.02090468809190256,0.027059077834317605,0.06001218088717906,0.12900294843828006,6,4,1,1
demo-0192,Endless 192,Demo Artist 24,classical,2000,loss_longing,0.2465882085893698,0.856280491458872,loss_longing,self_identity,none,none,A demo lyric about loss longing.,bright,B,202,65,138.92213198163955,81.13780493467746,0.2465882085893698,0.813342652975219,2392.3299472428357,4171.05204482106,0.48278814409998644,0.821098343193803,0.14710799524426366,0.7639861936422987,0.6906306124414583,2.707292224986444,2.2659553149020515,0.4542168351857556,2.4514648615819805,2.043491052609709,2.616414282754405,1.7084675662445723,1.298520599256976,1.3291553735421933,1.5618297834515955,2.1188250965810473,2.247958465424792,0.07150855961517938,0.09984034166921442,0.02340143755906532,0.09419689423364848,0.10291361510407998,0.009609925055606362,0.22887695755182072,0.12052470612146515,0.1800760528395325,0.044038475243205394,0.02152117319092957,0.0034918618162526308,0,1,2,3
demo-0193,Midnight 193,Demo Artist 1,pop,2001,empowerment,0.31481633204084736,0.45341772398172486,empowerment,spirituality,none,none,A demo lyric about empowerment.,dark,C,236,47,82.78391549959366,32.46845264755182,0.31481633204084736,0.3347935743615957,846.6666571448282,2310.0437956464775,0.6813823089026692,0.3314214286513959,0.13603285208693014,0.8850487203201909,0.2119825497716119,0.25148653101781787,0.13723712896762474,-1.2512387855949916,-0.09007219580860511,0.22118648534116717,-0.41608512126652875,0.33767701870469485,0.021307490355111102,0.7736918910987685,0.6631123810657311,0.16715328758484124,-1.3672128913019983,0.06986825956666293,0.07825760355735552,0.008047161873146663,0.0018685300290569836,0.02820488086455561,0.23877869152678058,0.14269371223895796,0.09608512246145445,0.12076530303020523,0.14382333002735298,0.027758774876708525,0.04384862994776263,5,2,3,1
demo-0194,Golden 194,Demo Artist 2,rock,2002,loss_longing,0.16470738024436443,0.4707538517010342,loss_longing,self_identity,none,none,A demo lyric about loss longing.,acoustic,C#,264,91,87.8234881700634,45.05727105807596,0.16470738024436443,0.31046904340195125,1195.216362345185,2356.8639312689093,0.4141150022568142,0.4241264576234724,0.08855896455252643,0.9015662283385664,-0.6690524761897974,-0.3989163374066718,1.5554077104866422,-0.27058270185365046,0.11185731486190334,-0.7120290009165358,1.1329512076226846,1.1467362441910651,1.0389459041234468,0.8375298281939436,0.37358911101947667,-0.22437666693798447,-0.514969306666021,0.004998525582820233,0.05585957666498119,0.05756734311420826,0.01810627085504632,0.0030167070635056348,0.041843134096950736,0.11198416303136956,0.0030482665269489814,0.06400045322580354,0.0752761271696912,0.27310666424731156,0.2911927684213629,7,0,4,3
demo-0195,Electric 195,Demo Artist 3,hip-hop,2003,anxiety_darkness,0.7299759351870148,0.5118477577615883,anxiety_darkness,romance_new,none,none,A demo lyric about anxiety darkness.,punchy,D,206,40,95.6150824847892,45.97886035490101,0.7299759351870148,0.4053671367849834,1225.5458837751473,2860.5411628049505,0.31059882319725163,0.4867605295808425,0.10125701586973733,0.8918232526533449,0.26154425375808527,1.6625335163099169,-0.5226231885883154,-0.07776970072882039,0.9809349468485706,1.770497093426755,2.266608908314922,0.6413661636808727,2.4377456307867558,0.3103354501745694,1.6987676223629724,-0.34218099695930526,1.0202005068632543,0.06340379877322276,0.13212974248104886,0.041208754642844674,0.18177517303381033,0.08372923683632036,0.05119743125898078,0.09539311090993816,0.13405830828167847,0.080683696044908,0.007869433946141268,0.002262678916402972,0.12628863487470335,3,3,5,0
demo-0196,Velvet 196,Demo Artist 4,electronic,2004,social,0.5924476944250419,0.8422377631628436,social,bittersweet,none,none,A demo lyric about social.,warm,D#,217,93,99.58222055953239,73.09231088224186,0.5924476944250419,0.5746484326838456,1665.762858270398,3084.3535784139576,0.5832604580107017,0.75198206300563,0.11920121642814521,0.8615949937148075,2.7624921720523723,1.3717006650626304,1.4663563790706706,1.5721549782007074,-0.5609766073551405,1.3602246732062888,-0.1167595748385275,0.3101130593022001,3.061941781188503,0.6467383903411899,0.15982589570577266,2.052582578901392,-0.04767700284237697,0.13393322968919388,0.04465689709284642,0.00013052308408022952,0.11690915072517315,0.031429527274057935,0.18001987498899455,0.19059187683265166,0.012983885767183468,0.15724344869560675,0.041763433783084,0.031752948763539735,0.05858520330358811,1,4,6,4
demo-0197,Northern 197,Demo Artist 5,jazz,2005,joy_celebration,0.43141233979566607,0.6582586286339605,joy_celebration,nostalgia_memory,none,none,A demo lyric about joy celebration.,bright,E,206,53,105.03945942725308,63.663503289733406,0.43141233979566607,0.543915071416649,1748.5517658694278,3509.4985384336874,0.41017604818148234,0.6088764466798464,0.1376282482235034,0.7955242358764205,0.7611506600533833,1.5239396420860183,-0.6147617486751968,0.4695337410910483,0.9200721737971453,0.343884812969395,2.829198014808891,1.2188618467249517,1.3767696782259033,0.7167692920345392,1.184221079627039,-0.015253464302733999,1.0301829639049265,0.07914691163252788,0.15328309005185486,0.1428279098279897,0.10453595925055252,0.07313570763536006,0.07847748463852271,0.08470141779413486,0.05056973271784127,0.07797717075667965,0.009540496067943152,0.1254840990544324,0.02032002057216085,4,1,7,2
demo-0198,Quiet 198,Demo Artist 6,folk,2006,empowerment,0.5495218253105525,0.6285403188456266,empowerment,spirituality,none,none,A demo lyric about empowerment.,dark,F,295,49,113.74566567443395,65.77481569264869,0.5495218253105525,0.706883887780696,2153.6030084678946,3615.869012927472,0.42725028825636974,0.6060991956415603,0.12540111023483555,0.866706685052495,1.3033716297509785,1.5523663231901361,2.0562391349732803,-0.35738683371491464,2.7867660039570548,1.1509058366600824,2.0324013062378574,2.1207128392285473,2.8707965607638406,1.3951426122169666,-0.6236374590429308,1.5571276134535608,1.7007068581616012,0.3358680771650933,0.03431556658352569,0.040108625192059946,0.10755070590174381,0.12677358501380093,0.09286528919012683,0.05815236243930065,0.01573725840366861,0.008983577271527082,0.0019434313732844433,0.06652156505766112,0.11117995640820763,2,2,8,1
demo-0199,Neon 199,Demo Artist 7,r&b,2007,loss_longing,0.30794544387605377,0.817372884069509,loss_longing,self_identity,none,none,A demo lyric about loss longing.,acoustic,F#,290,93,127.84984164707477,76.55440186705886,0.30794544387605377,0.5495805885351068,2054.8657401961036,4083.102269152157,0.39112039362601614,0.7123171674327886,0.12255648518258852,0.6653470786865859,1.5434744426573994,1.7305736331811152,1.0069462238694245,1.8789252126832259,1.3661663590916235,2.890573587373848,1.6383742359751625,2.496330881401715,2.0032137622946924,0.39792896075594486,1.7093418242628244,0.5643759006713163,1.6918791617830786,0.006608376979441027,0.00144053894580077,0.03937596378974509,0.03489658456214514,0.32102505162703604,0.011023375088277113,0.14306528680095593,0.06381255067345344,0.01018650866623346,0.03670376399355697,0.301736354334341,0.03012564453901402,6,0,9,3
demo-0200,Endless 200,Demo Artist 8,classical,2008,anxiety_darkness,0.6487204952077381,0.6906243144574298,anxiety_darkness,romance_new,none,none,A demo lyric about anxiety darkness.,punchy,G,184,69,132.92736569964922,73.7228325925283,0.6487204952077381,0.7847827808222575,2260.6005148597496,4355.269693994729,0.6385481233053368,0.6497175526829796,0.1435685757560091,0.777188481828436,1.3476651625331817,1.8061331025264122,0.8362496805934783,2.3143134859215078,1.9507669148200113,2.649190494233033,2.3003995004802924,2.3066900724960235,0.6536926454698864,2.592591551644872,1.769133598195558,1.9334016923503823,3.14826437639081,0.02290968903177491,0.03530640993364437,0.029054712958654832,0.0162094388002283,0.13669957522416787,0.3938265405443807,0.010258662338493816,0.03547693168951324,0.033355554519730525,0.01740806289512505,0.06552779211062183,0.20396662995366469,0,3,10,0
demo-0201,Midnight 201,Demo Artist 9,pop,2009,loss_longing,0.11091177347080981,0.4042283709494739,loss_longing,self_identity,none,none,A demo lyric about loss longing.,warm,G#,241,76,76.68888594896904,41.29868437180393,0.11091177347080981,0.39979410694589446,1036.0322829607198,2201.3929001958913,0.14948879354639177,0.35769822895727393,0.1152666822476898,0.6449748579714714,-0.32669258858695,0.3384806136890324,1.4695706957615102,-0.5750196964544141,-0.6434877090831294,-0.05244576649550049,0.3509129698101024,-0.15424682739609405,1.0492683488858106,-0.7991438330284719,0.12016093337904353,0.44521271024701903,-0.40023280990585663,0.004913782503199421,0.19734999237299908,0.22608854133265502,0.012412034210243127,0.024940122745782674,0.03604024718932929,0.16522466381121173,0.15121075978973836,0.03144555731947877,0.12468344559844188,0.003102850912921414,0.02258800221399923,5,4,11,3
demo-0202,Golden 202,Demo Artist 10,rock,2010,anxiety_darkness,0.8768822141295926,0.33111553325917725,anxiety_darkness,romance_new,none,none,A demo lyric about anxiety darkness.,bright,A,251,60,58.86895002783831,34.112718035607,0.8768822141295926,0.3286197105491078,1150.5926668592656,2603.752177571701,0.6443533567001547,0.3306142927673986,0.10668688374751702,0.6667882570590138,0.09547846082680195,-0.9615750623977986,-1.5478701198054168,-0.7851793701105783,1.8086849078039715,0.029438798486723428,0.5198773630233657,-0.2134962511980561,-1.4905510194518974,1.2361131249297073,-1.8721981398555887,-0.25479267679165846,0.24538511914993888,0.06764897322387117,0.029242437525942706,0.05875586304404227,0.03932574123798512,0.022760804809568973,0.05589464030433115,0.01886684414555043,0.2881199745699523,0.01578668414355513,0.08621667441225919,0.18194806048676593,0.13543330209617577,7,1,0,0
demo-0203,Electric 203,Demo Artist 11,hip-hop,2011,social,0.6362223889524721,0.5996871181904911,social,bittersweet,none,none,A demo lyric about social.,dark,A#,256,57,69.89377538967113,56.49357160637071,0.6362223889524721,0.45020374828526827,1371.7419751247076,2925.5904199673387,0.42126012278679814,0.6394218286742257,0.11080244368525957,0.842087901967237,1.1946362250040785,2.3187401597491104,0.2829703802101664,-0.05319290622915285,-0.8981453844153232,2.152367006662473,1.02141090704854,1.053061105894302,3.71670424132392,0.9250447411862994,-0.7023214051000323,0.40409642500702386,-0.3747824088486532,0.011793596232407179,0.09167108663865527,0.16462240139531584,0.04903178423315181,0.07109988147517028,0.20815531003899665,0.0847043361969807,0.011373663585451596,0.11501974913144393,0.023040242914326048,0.07445508294210532,0.09503286521599565,3,2,1,4
demo-0204,Velvet 204,Demo Artist 12,electronic,2012,joy_celebration,0.5602489840702221,0.6234440736416152,joy_celebration,nostalgia_memory,none,none,A demo lyric about joy celebration.,acoustic,B,185,82,111.24318241163127,61.0426574838991,0.5602489840702221,0.4417678768181253,1576.9576320512815,3234.503513933032,0.4085663221604547,0.5700354555734163,0.12292295958260298,0.7507783146824393,-0.5581305616388654,0.24850491748072434,1.1662229846345622,2.1659435841485983,1.454391335173633,-1.6995344983702383,1.5413037147573276,0.3418482141042821,1.353080074687763,0.8858647407893718,0.7073123739131721,0.7977642720378586,0.8775756917302199,0.03454546644994342,0.06087080227564164,0.12475610103548623,0.26133020590052314,0.0024792419689215633,0.06735214464778884,0.019613059882737066,0.14982305375576188,0.08988745550036528,0.04536054991253385,0.0202457782627546,0.12373614040754251,1,0,2,2
demo-0205,Northern 205,Demo Artist 13,jazz,2013,empowerment,0.44168853112413975,0.48463565769434797,empowerment,spirituality,none,none,A demo lyric about empowerment.,punchy,C,182,43,106.64136892535835,47.51620319794263,0.44168853112413975,0.43591244027749515,1738.3494744468924,3285.106743498727,0.4406834308529022,0.521427010177905,0.14508381353115316,0.6517829501119479,2.0514881269138696,1.1929002380908573,0.6578147315906613,1.946676303908931,1.0327931630229976,0.03433866009428721,3.047809711449604,1.1827125571090122,1.1186147955177828,0.7948948282694099,2.3799657394575893,0.6751214918579598,-0.34497985881160464,0.03373421145790247,0.028174410213294705,0.2402218477092329,0.11777050419185693,0.07375535315282371,0.19091505977891476,0.004653969229997723,0.01350230725547358,0.1751981291747909,0.11106554976954094,0.004580696629914319,0.0064279614362568625,4,3,3,1
demo-0206,Quiet 206,Demo Artist 14,folk,2014,loss_longing,0.18485437419456818,0.4233195565377202,loss_longing,self_identity,none,none,A demo lyric about loss longing.,warm,C#,208,97,100.24402404951172,44.75640513669752,0.18485437419456818,0.5694795184237031,1892.1894423162496,3972.812773505888,0.4934680145952661,0.5373687836495937,0.16324426763812774,0.7589777005810482,1.7396586965589589,1.1459311906305418,2.35939609049042,0.1678022867089879,0.6763040234286666,1.9556899185549212,2.725756448723621,-0.7019685961391988,2.8744712159904156,1.3598648715719939,-0.3838749619371631,-1.5017278418893385,-0.029386065808279627,0.20169526245610728,0.1431275997657907,0.018272858291231188,0.054781466041428396,0.011403156432435385,0.034392203779970036,0.07188584945797555,0.005801363528664221,0.12608318466206953,0.03697764635324731,0.12111848479938969,0.1744609244316908,2,4,4,3
demo-0207,Neon 207,Demo Artist 15,r&b,2015,anxiety_darkness,0.8859872140562086,0.6342893026285525,anxiety_darkness,romance_new,none,none,A demo lyric about anxiety darkness.,bright,D,277,83,130.40886200358835,64.49130188638053,0.8859872140562086,0.8314198831958997,2185.161916117074,4342.091642955778,0.6554116925862185,0.6146310312808886,0.16053268360952466,0.6717455370296013,1.5950577336383647,1.1738096308742758,1.397114042824365,1.0501049686196633,1.5129031918044324,2.332232686264914,1.6805080895600042,-0.06437319775538586,1.0538794351015137,0.2806006474417475,2.0440602259817675,2.3033173640541875,2.0565482218541646,0.12631576929594995,0.0756021459898414,0.002335823234757481,0.04673592298482522,0.016726969633771568,0.017611412109348468,0.05891288867836003,0.12428123627345965,0.022888506948626517,0.1418720644329495,0.12583407789699833,0.24088318252111207,6,1,5,0
demo-0208,Endless 208,Demo Artist 16,classical,2016,social,0.45630577140886475,0.7189690831971541,social,bittersweet,none,none,A demo lyric about social.,dark,D#,295,50,127.71960306108929,74.31221403505074,0.45630577140886475,0.8604950454468111,2230.504069760967,4338.555377321293,0.364269108502122,0.7149332914007338,0.1906282612588141,0.9478031794326964,1.3992073890810584,1.3769924572767969,0.9428713514060851,3.4062853865193032,3.2210044069163026,1.9940182000112132,0.70390080369312,0.793337434543748,2.270629450384593,2.649337918446499,0.0338551949788517,1.7786900894621174,3.7182958895573837,0.12890117667421044,0.01610038964842076,0.091399537086118,0.06190501927051174,0.08321570333794036,0.046780066001270784,0.17777986889392589,0.12208020132640661,0.08959021202398897,0.042016602543495186,0.05545370581603245,0.0847775173776787,0,2,6,4
demo-0209,Midnight 209,Demo Artist 17,pop,2017,anxiety_darkness,0.8449475534590859,0.29903858658164495,anxiety_darkness,romance_new,none,none,A demo lyric about anxiety darkness.,acoustic,E,161,64,58.628562403612946,34.69232804140193,0.8449475534590859,0.33517659107317094,603.7763850514036,2159.1675891942778,0.6281364477977737,0.37803804571693805,0.07403179042076119,0.6830335603906483,-0.6886720403226348,0.18621586235813473,-2.0319331900437034,-0.013223575848558187,0.31142937380006447,-0.2830371808709837,0.5253209680530518,0.22372415832620401,-0.5416542593988953,-1.9361893602594902,0.13341308157082288,-0.9530753652299778,-0.5783426248615452,0.1987512235019069,0.014748551764469297,0.056504846200604905,0.018145377181663043,0.08922677027966024,0.016871207328042523,0.09893479608144078,0.03771422086403004,0.2708109126158043,0.06204235881178355,0.10039714706457012,0.035852588306024225,5,0,7,0
demo-0210,Golden 210,Demo Artist 18,rock,2018,social,0.8541306618632097,0.19065161317858909,social,bittersweet,none,none,A demo lyric about social.,punchy,F,211,70,85.77350524820491,27.693903424552776,0.8541306618632097,0.38140940072248913,1087.2307555192322,2486.7431333052646,0.46476022005680667,0.22114234131595914,0.1530043842884546,0.7780009082286623,0.8969309928230955,-0.03465285768160542,-0.05476367235548352,-0.15544366266965032,-1.2498457879892506,0.13937885987923063,-0.10700765431943021,1.471524509184777,-0.8967001175845153,-0.277147177554855,-0.5984404667540821,1.7425303940118089,-0.5694084448546712,0.010084562755195507,0.06206650224897013,0.020681702925956634,0.07209167031776331,0.10617538075112008,0.28611965163828534,0.0915803538081934,0.1096814551251921,0.0017801116217108415,0.09646769453941245,0.05395496133654885,0.08931595293165125,7,3,8,4
demo-0211,Electric 211,Demo Artist 19,hip-hop,2019,joy_celebration,0.44965243115484826,0.3357793767316364,joy_celebration,nostalgia_memory,none,none,A demo lyric about joy celebration.,warm,F#,199,97,82.70990969544985,55.57912560920483,0.44965243115484826,0.45737087023242023,1487.1386219180363,2843.0172423071504,0.6493648747495296,0.5634811401188584,0.15174858656282297,0.6937892891242894,0.5917850195835103,1.2731616050414676,0.40958824298995455,1.7522189966526698,0.16796046048921948,2.6693711516288885,2.7221975042722453,0.8820719962272996,1.1526011803546168,1.7916714356246377,-0.5871973989673668,-0.7120000145777906,1.8564189138576346,0.11321394784439084,0.04988390865017388,0.00014639169758595753,0.4150462444627254,0.06708554029234183,0.048374666133195965,0.0067257277287828925,0.02206908111023019,0.023857644334179213,0.0910432197195852,0.15696193419985857,0.00559169382695001,3,4,9,2
demo-0212,Velvet 212,Demo Artist 20,electronic,2020,empowerment,0.4496154123014984,0.7749845384572218,empowerment,spirituality,none,none,A demo lyric about empowerment.,bright,G,187,98,95.8921853950543,60.552775346280605,0.4496154123014984,0.4206186690273884,1550.7008626062088,3162.412334479247,0.46488768903797817,0.6569079715328647,0.10797171577638433,0.6958878532607394,-0.12422527109804227,0.539672412574013,-0.32859021591184634,0.8514285112007294,0.734509805369133,0.11348488600091988,1.7737662540561958,0.840499471713263,1.9626473640318036,0.7049501487955678,0.8758051117686452,0.3372175953182891,0.8929534594645154,0.07394612334075207,0.058552472046672896,0.016155387546955696,0.07121660669179103,0.0017744429268703266,0.053659834941797754,0.08507256567391999,0.27671740668902806,0.016081258028139277,0.10537024593585446,0.050923159945897745,0.19053049623232082,1,1,10,1
demo-0213,Northern 213,Demo Artist 21,jazz,2021,loss_longing,0.1616255218636593,0.5585415370060465,loss_longing,self_identity,none,none,A demo lyric about loss longing.,dark,G#,183,33,120.20295334255235,58.9498544790481,0.1616255218636593,0.4811595433885571,1581.3439322300042,3623.289111147539,0.4676366564978269,0.6914372292313753,0.12947588722411732,0.8845984179756793,2.2821973305993053,0.6786641677979963,0.4570792320909641,1.9413665309309045,1.7748919179139306,-0.21061010071092667,0.07156436369527919,-1.3364300049480053,1.7953868539788023,0.9381728068642545,1.037849579024718,-0.49144409770185327,0.1018976469106736,0.08508813831190873,0.016346801400555035,0.006158933092287063,0.019435796587866417,0.210894056892564,0.054464704394065026,0.03588746114998494,0.06610301528258707,0.07516799493355598,0.07557452581975958,0.0273164820886179,0.32756209004624837,4,2,11,3
demo-0214,Quiet 214,Demo Artist 22,folk,2022,anxiety_darkness,0.7569950629515696,0.7273134732676854,anxiety_darkness,romance_new,none,none,A demo lyric about anxiety darkness.,acoustic,A,216,53,109.17108509968571,85.83230175032213,0.7569950629515696,0.687213282695253,1861.992679838634,3702.6384157526963,0.5517247564215569,0.8879839865384268,0.165369674746812,0.7910258861270671,2.0286167215545836,2.2456286069234204,1.7005691385668498,1.3573418867357039,0.05470505176886986,2.0991741567799886,1.5421736991411508,1.0863841476492926,2.77776636359166,0.07216636708668434,3.144036315364886,1.4777267213655343,1.8175181785028984,0.032508170961765254,0.015114871708959591,0.1370052797733685,0.06592153021173672,0.06468624065913506,0.14549939536551446,0.0633030592037601,0.3206477540144585,0.028201416697521152,0.06012649502953631,0.017185945941416706,0.04979984043282764,2,0,0,0
demo-0215,Neon 215,Demo Artist 23,r&b,2023,social,0.7000166607679922,0.622489735106186,social,bittersweet,none,none,A demo lyric about social.,punchy,A#,199,37,123.60582686454728,68.81052908326559,0.7000166607679922,0.6968680677039735,2127.887159037705,4238.569651663076,0.7368189109774794,0.6815409939514953,0.19459425581498474,0.7388404191620883,2.5640960393517096,2.28911433624305,0.7314179273176304,2.0138097046373318,1.8073659378503726,0.9468078237231548,2.158002434194126,1.9462895461085175,1.7274130526927831,1.731422530941315,1.7099897410763805,1.4323003787536723,1.9398340950149815,0.045070715502635514,0.04893914062340527,0.006120130711989168,0.029411094868752975,0.11800944282916397,0.18354746047658838,0.18808932771669187,0.00545204104528252,0.16677532026013062,0.10075902865392519,0.06600324840706916,0.0418230489043653,6,3,1,4
demo-0216,Endless 216,Demo Artist 24,classical,2024,joy_celebration,0.597266348779767,0.7056206036742911,joy_celebration,nostalgia_memory,none,none,A demo lyric about joy celebration.,warm,B,202,21,116.08718374278286,74.16971497959005,0.597266348779767,0.7279274406817543,2274.7212686601697,4406.451163327107,0.24719422027749577,0.7619407641318543,0.13606862608848785,0.8148284606791587,0.8734944069774506,1.2503589648641156,3.2547321025451628,2.687917945913622,3.249203137670543,3.65972713250129,1.3271612928602352,3.5989716624408716,0.6344943438210986,2.846100334544903,1.6066622854000285,1.1696998573606838,2.7144698673044427,0.0868975510701292,0.07150122572607184,0.07100070996974721,0.020849281866362368,0.17185786942238676,0.023446941366461367,0.033239592852130115,0.07724229322827489,0.07809193505253377,0.06802413903329345,0.2473879008607514,0.05046055955185777,0,4,2,2
demo-0217,Midnight 217,Demo Artist 1,pop,2025,social,0.6601801624237771,0.35362876336009497,social,bittersweet,none,none,A demo lyric about social.,bright,C,270,49,70.8231161428465,29.31098261663638,0.6601801624237771,0.329161252741828,552.360632921127,2024.1744712465052,0.6651286960071934,0.3432596711889001,0.10748636454740201,0.8882197639943178,0.2151042344214637,0.5553949074423146,-0.31565370884061383,0.11581268292209276,-0.6323703864158223,1.2634833441823135,1.5215594095022018,1.3799128006970733,-0.4081087616778623,-0.9537740393650874,1.2769736607501632,0.5439072025914127,0.32858434152364246,0.0973661047995652,0.14435812856223604,0.167421679057489,0.022309115134873842,0.029376503107258745,0.10566617271572507,0.004244771350681684,0.027882588978585438,0.03182289788499583,0.14821927218081105,0.20963993598343172,0.011692830244346353,5,1,3,4
demo-0218,Golden 218,Demo Artist 2,rock,1995,joy_celebration,0.5493707137658869,0.7780354281749255,joy_celebration,nostalgia_memory,none,none,A demo lyric about joy celebration.,dark,C#,273,94,75.08195371407342,57.962292221611726,0.5493707137658869,0.4579300348668139,966.4945646074157,2484.5817620128437,0.4901530182710635,0.6314223958854133,0.12228535936050494,0.8457064914176863,-0.10243087790166677,1.5150040190819432,4.325824042727264,0.9912820989229156,0.39967220754683647,-0.9978629709921605,-0.33748144931715346,0.08628976605269592,-0.2346002402671326,0.2839221654731518,2.0780160768072875,1.5471669173692342,0.1411672835317457,0.02176674417354688,0.0997819364465533,0.04605704622873189,0.019510593936501484,0.08422813354519824,0.15885351617510593,0.15193281342628306,0.25390381642684723,0.07864101347533516,0.06320813280803496,0.005236866475436563,0.01687938688242522,7,2,4,2
demo-0219,Electric 219,Demo Artist 3,hip-hop,1996,empowerment,0.31253421013486726,0.6006246820055297,empowerment,spirituality,none,none,A demo lyric about empowerment.,acoustic,D,164,89,80.18133584610881,55.72603099616339,0.31253421013486726,0.48042153260563175,1350.3023892380656,3006.042031982517,0.4201110498617837,0.5175050448376466,0.14721437775081822,0.647704123600553,1.8514607091806248,1.9205047074823831,1.4600895142660753,-0.08780751701044809,-0.21652383672535935,0.3899442270018004,-0.6950396768313994,-0.36169399875359676,1.244734291509046,1.249349114224157,-0.4495748265349563,1.2761219353000746,1.0543033057398061,0.10933293211142375,0.00580257635884544,0.0869348213861666,0.05563815513172937,0.04915281976273049,0.16174915487781727,0.02991666488890893,0.2988699328330681,0.05523858899961292,0.006210303089583995,0.007400581995496903,0.13375346856461628,3,0,5,1
demo-0220,Velvet 220,Demo Artist 4,electronic,1997,loss_longing,0.14114159361239,0.5965416201859381,loss_longing,self_identity,none,none,A demo lyric about loss longing.,punchy,D#,233,62,90.85108913280473,50.876673425343945,0.14114159361239,0.4645049966680301,1320.8040386751168,3166.36671058254,0.4702430086102106,0.48004338673567254,0.1616920037960706,0.6843845880457888,1.6063929516823352,3.0867081609318734,1.9772679037166878,0.8684612179022329,-0.23406863942332756,-0.4620621765844555,0.48844830504247794,0.21299926608609165,0.18045309104186757,0.5736865445287558,0.797752907114313,1.3852119476452962,-0.3377962194624293,0.18540121610138602,0.0854419785692712,0.08832949987907272,0.0925223081935457,0.2818802855111207,0.005155597258141126,0.0029543346474429828,0.01822215132795884,0.05169393371308242,0.08228718513391554,0.042098962672205247,0.06401254699285767,1,3,6,3
demo-0221,Northern 221,Demo Artist 5,jazz,1998,anxiety_darkness,0.8160040423251149,0.7173575086922936,anxiety_darkness,romance_new,none,none,A demo lyric about anxiety darkness.,warm,E,208,55,111.49311097712828,66.9292664769912,0.8160040423251149,0.4953068618365174,1872.7190730153552,3366.4020989920587,0.5245337017092901,0.6046384843691225,0.11933437545326496,0.8051386670436187,1.568086708580872,-0.5023906226910304,1.6972873680006642,0.38057102340170246,2.4796880156711665,0.8480355711754917,0.07637773045001417,1.2758045579592523,0.2837649989212746,2.4689451414331254,1.2005302075330997,1.0483233769067128,1.7918010189310078,0.005733616211319216,0.18136189224029903,0.1321068619177354,0.008402338669472332,0.012377210250047501,0.1097452932278625,0.05161629141911269,0.11810029819853898,0.03720862904876403,0.024971805751428565,0.2839523485471532,0.034423414518266526,4,4,7,0
demo-0222,Quiet 222,Demo Artist 6,folk,1999,social,0.5961883079048405,0.4956467189636513,social,bittersweet,none,none,A demo lyric about social.,bright,F,183,22,114.22032699589245,48.725765768830044,0.5961883079048405,0.6198410808571381,1959.400375194375,3770.556067635983,0.45557816117136596,0.4659444140544112,0.15463875017257178,0.8410815589199456,1.6983591673188339,0.32140294999894037,0.5010721488568124,1.8988818059480672,2.9716733006708775,1.6524154615587552,1.0883315875230057,1.7243404554427755,0.36317857748657145,2.8089431565364635,1.6865941445080284,0.8305427867894517,1.3332045339071248,0.006697390672360813,0.20207137079634888,0.04267289376292865,0.04032050731159681,0.06419681452379872,0.1469589002655765,0.11432689402600597,0.04226537032244993,0.0839692036667464,0.042818382491429795,0.14285888586185713,0.07084338629890054,2,1,8,4
demo-0223,Neon 223,Demo Artist 7,r&b,2000,joy_celebration,0.5207335898360066,0.8212630236729607,joy_celebration,nostalgia_memory,none,none,A demo lyric about joy celebration.,dark,F#,198,55,120.26278131599663,71.4275565618868,0.5207335898360066,0.7133294903170269,2217.7111041273492,4202.692999601575,0.9130365823510006,0.7449823418247034,0.1826187559251005,0.7692927941147492,0.8070876261027177,1.485682570766366,2.511960171343404,2.206827854829175,2.2032513705988794,1.585655613202872,1.4261973811870245,1.620142755706722,2.5244754501652125,2.640727428170418,0.7937583503287722,2.562342559431449,1.1492787692437703,0.09938657297382374,0.33562385956063423,0.020683117281918642,0.20418679082474128,0.011591601524385663,0.134318137656946,0.06447062503980289,0.0020078600231128816,0.001137659138434073,0.09357737692440278,0.017755674910184822,0.015260724141612846,6,2,9,2
demo-0224,Endless 224,Demo Artist 8,classical,2001,empowerment,0.39531263061372846,0.7233415119912516,empowerment,spirituality,none,none,A demo lyric about empowerment.,acoustic,G,246,39,135.15335550741153,69.81739118287601,0.39531263061372846,0.6069189432193844,2445.3710193798192,4348.705504236447,0.5012550879884679,0.6334599143474432,0.17244764647209634,0.892695041797062,1.2930345719773793,1.492832913855989,2.5546210235674893,2.5796183236469394,-0.3341792984085066,4.115406363782773,2.6285534835483313,2.7969186624529616,1.9564595533379832,0.2446464914477553,2.77472206125024,1.534811971769114,2.64393169418334,0.24543611637896937,0.008780996545404294,0.06938142791647031,0.25440806083622164,0.2567177994287168,0.024413204326492854,0.005106122182064979,0.045446053616823155,0.017295703361637646,0.050832290644457705,0.01932904960832182,0.002853175154419592,0,0,10,1
demo-0225,Midnight 225,Demo Artist 9,pop,2002,joy_celebration,0.6202561131224551,0.2538838519643636,joy_celebration,nostalgia_memory,none,none,A demo lyric about joy celebration.,punchy,G#,234,60,65.1985259413508,16.357789493056316,0.6202561131224551,0.25310394587368207,681.4625298134988,2370.114553471236,0.259503654970373,0.17791943843789698,0.08312613304440625,0.6573296555000524,0.2383550932785717,-0.3337993853120314,0.8381891054253677,-1.267605268728707,-0.7573146454738222,-2.3876422084908913,-2.1843466823279227,1.7981924099785127,2.083598244099669,0.09272620522395288,-0.8238287659065117,-0.298448925490107,0.8735742024863639,0.0478146627833815,0.22854934122992937,0.040156285133664565,0.1365702598780418,0.06006772622816792,0.07808849028790697,0.1491204114675287,0.11251682118440122,0.0021826686086098097,0.05185730993671936,0.07130921397768106,0.021766809283967486,5,3,11,2
demo-0226,Golden 226,Demo Artist 10,rock,2003,empowerment,0.20663737152929368,0.4827474797317915,empowerment,spirituality,none,none,A demo lyric about empowerment.,warm,A,198,20,98.38664543365167,52.03765208230391,0.20663737152929368,0.20320383333920874,1098.4548165728668,2782.2039931649274,0.3822469392099692,0.5097345803017556,0.11663477970111079,0.818450855372278,1.8657704754544142,0.7484738100732318,1.6277728955142192,-0.060008357309911387,-0.4405254112502966,0.07427680698036451,-0.8591030933676016,0.7835116962100952,-0.0858781127552457,-0.3717888999774754,0.7986584096210017,-0.8437157779742885,1.0705022138557945,0.09776100233072091,0.040264585866640244,0.07234413010411113,0.08214846021400353,0.08876194889697317,0.024743704746299038,0.11805281913910966,0.17906784622517286,0.01887293369170858,0.03325640708915626,0.07345371197527532,0.1712724497208292,7,4,0,1
demo-0227,Electric 227,Demo Artist 11,hip-hop,2004,loss_longing,0.13813628151909269,0.479645944810239,loss_longing,self_identity,none,none,A demo lyric about loss longing.,bright,A#,163,94,88.57400776471589,55.282957722426275,0.13813628151909269,0.49491434235731974,1298.615886856437,3024.213759940692,0.5634956726313652,0.5672283269099702,0.11251977602519453,0.8232427614061517,1.7928527149527094,0.5457845413366802,1.1311744436838553,0.646360076249706,0.7246040427454219,2.3234107569382987,1.801730031039551,0.6794038151957184,0.814454087936034,-0.10187050355096894,0.42702845373504683,0.909397787548615,1.450613589569128,0.013531269970526423,0.20604374722054516,0.017189428268524307,0.07713750707014293,0.1340334868856806,0.03325595788378557,0.0291802904486141,0.09174044817170295,0.042407720546202086,0.21406283593440134,0.13937150617745955,0.0020458014224150004,3,1,1,3
demo-0228,Velvet 228,Demo Artist 12,electronic,2005,anxiety_darkness,0.9607846199176903,0.45592995786577517,anxiety_darkness,romance_new,none,none,A demo lyric about anxiety darkness.,dark,B,255,59,90.76299942114072,37.06774067073717,0.9607846199176903,0.5203850744323267,1496.6087953958904,3219.399163719813,0.6115110261917395,0.3423553123075319,0.10767784014631326,0.8385818467871978,0.3666121447230264,1.046095785732398,-0.4433264369622647,0.6478172755253624,1.6149518910399965,1.5059325076467966,0.11164202912673127,-0.26826436931805175,0.915763689751792,1.4610327970194088,1.3051751401925509,0.38784015563869,1.1978244424866034,0.1307414937854109,0.02503539663576347,0.2783688734475063,0.12196609419483931,0.09636113211028038,0.03190591679796265,0.004289002042923557,0.046243227920742404,0.027298293214444814,0.002839143426325063,0.08861801669893472,0.1463334097248663,1,2,2,0
demo-0229,Northern 229,Demo Artist 13,jazz,2006,social,0.6405875472970813,0.715260204947475,social,bittersweet,none,none,A demo lyric about social.,acoustic,C,166,83,92.46330376703878,74.32711468654456,0.6405875472970813,0.5620625129540672,1986.4800346166212,3562.482385911455,0.6030121031242519,0.7226195806147229,0.1351133321745266,0.8984641488333263,3.2086936402898205,2.68794793579682,2.005244629728022,1.2351505793905089,1.4097189142673234,0.4464926805717456,-0.24816752130265707,0.07320164224005898,1.2498000345219376,0.9080077385733227,-0.26944170471968465,1.162676620950264,0.881569675534055,0.015407324146244456,0.01939032398920782,0.0689528036323426,0.018310761519330053,0.0382957989546082,0.23351794445551363,0.4089020811102012,0.0659271070487843,0.020539177738760083,0.02222311170445203,0.045141871448634636,0.043391694251920805,4,0,3,4
demo-0230,Quiet 230,Demo Artist 14,folk,2007,joy_celebration,0.4740618200059847,0.8318737564213171,joy_celebration,nostalgia_memory,none,none,A demo lyric about joy celebration.,punchy,C#,269,58,113.44191818615451,83.61285685586833,0.4740618200059847,0.6444925492159272,2027.5571320063623,3931.6522958692785,0.5434230898116879,0.8458206082792088,0.15200668579674234,0.7424006097766227,1.8255188028392684,3.528645837424592,2.7106819089635574,1.8039180222246367,2.35582979810599,0.6308240912693478,1.2394878458002814,2.4478498441840553,2.9871671934581916,0.729133827904622,1.0164116905768428,3.6813757938785363,1.5962612497689725,0.050443281080784726,0.014716784153949971,0.004037943938374482,0.06081020894158514,0.014682222262406435,0.20408288292742177,0.07453456296829457,0.04232899147108344,0.15006873331160175,0.151226115225996,0.054700740853229166,0.1783675328652726,2,3,4,2
demo-0231,Neon 231,Demo Artist 15,r&b,2008,empowerment,0.3140286327462289,0.8594037068045369,empowerment,spirituality,none,none,A demo lyric about empowerment.,warm,D,302,28,115.8361527161704,84.24143845655013,0.3140286327462289,0.6699332185706703,2163.7688145095813,3945.9623034884858,0.3926039112911637,0.7891621660677234,0.16910119713826421,0.60323608033081,0.7884227704398037,-0.0629415478323212,2.2190206038579805,-0.002733550054701661,1.8317291985355402,3.4395240157474234,3.473433981270902,-0.0059075691788212925,2.0984096016309555,0.8110287036195452,0.6068639642897418,1.686530045609926,3.0282911569331254,0.03148748942984324,0.2637183454397083,0.0990471783744763,0.05280606652581771,0.09921318691396525,0.12565817812429303,0.022312824834297765,0.14485380113438825,0.021837754925310628,0.09808947252214346,0.02117959086798187,0.019796110907774195,6,4,5,1
demo-0232,Endless 232,Demo Artist 16,classical,2009,loss_longing,0.17725185467163534,0.8200595855166686,loss_longing,self_identity,none,none,A demo lyric about loss longing.,bright,D#,154,83,126.55179287421896,78.7919723132286,0.17725185467163534,0.715247781546186,2509.4287875655905,4241.503078091876,0.7707053294383915,0.7209619743953072,0.1630927077759053,0.7049810003123989,4.287926996869377,1.5966499711528481,1.5991588434714674,1.729251260060081,2.1956028078939505,1.771558221095489,1.9671131953776007,-1.4292099530237374,2.1571598360018274,2.117806621486645,3.1385687974123937,3.409060948279402,1.9122919386082025,0.09499481527025724,0.015145341908415726,0.16298828089275233,0.031229206514693627,0.04607106601487015,0.16203862270936198,0.025362783277668298,0.16967152669892904,0.030053375995374994,0.04015958940962277,0.20956715684065855,0.012718234467395204,0,1,6,3
demo-0233,Midnight 233,Demo Artist 17,pop,2010,empowerment,0.36733462629275315,0.42995877929263815,empowerment,spirituality,none,none,A demo lyric about empowerment.,dark,E,202,82,69.08652369742546,37.70394405787044,0.36733462629275315,0.3704245561674051,1107.7987913190473,2094.9153839938986,0.22471518853324518,0.4020054189963938,0.09337639211895703,0.7868897144044704,0.556177755731012,-0.4563924298255985,-0.2688519713436714,-0.10011951693658637,1.4697539379850162,0.030069604113581585,-1.2356735808149601,-1.1958784811411152,0.13922992165960119,-1.129428000690979,-1.5623034869241608,0.6355359909340106,0.6844984028686446,0.04415060564648072,0.1575488256711841,0.008924509933100138,0.11154208319147198,0.02735357707975589,0.10753280977525238,0.00804624047622259,0.07366678012374468,0.0063162191305844665,0.08927256704826707,0.33268886846829937,0.032956913455636595,5,2,7,1
demo-0234,Golden 234,Demo Artist 18,rock,2011,loss_longing,0.32063355337878935,0.5098699281727492,loss_longing,self_identity,none,none,A demo lyric about loss longing.,acoustic,F,278,70,81.41563063420178,41.97110279902595,0.32063355337878935,0.13197407158389082,1070.819736373137,2276.4115993121054,0.5331844313000934,0.4273545635462596,0.12391711512053555,0.9396670471948192,0.2737305703280316,2.5804163119231958,0.5324514452199038,-1.0102163937166329,-0.2620718751101198,-0.07274670030782204,0.8921271511533786,-0.6472499002293006,0.002024117190603969,0.1389597192039133,-0.14812080765554364,1.1114153816797183,0.9413213884653557,0.007600559186937809,0.030345809394212636,0.10428500806237216,0.2812083154318718,0.05761850257075242,0.05406010047667329,0.02076087624832306,0.18731689338601715,0.06793574727062539,0.09907532575069156,0.02298049609597635,0.06681236612554631,7,0,8,3
demo-0235,Electric 235,Demo Artist 19,hip-hop,2012,anxiety_darkness,0.75732664336668,0.3050533425288359,anxiety_darkness,romance_new,none,none,A demo lyric about anxiety darkness.,punchy,F#,225,52,100.41969402348266,41.268496359745114,0.75732664336668,0.4272740806782781,1231.2174587702502,3062.5059150912084,0.4122179746909719,0.48368274257157445,0.14807213955800202,0.805601162637467,-0.8985495273716876,2.889500615345755,0.9872760562645462,0.27611297527940987,1.5561279147750557,1.3023027870213473,1.9109383498864405,-0.06234778867989632,0.9184734127743923,-0.5858702302449369,1.266334395741234,0.5770546303728126,0.8810092554868121,0.11089992913797182,0.06718619279689092,0.03447285317096225,0.003994596549927309,0.05471583340953379,0.10947707511342371,0.005128730561472297,0.01969291429577455,0.055014315317304496,0.12919995066742926,0.29291809033217087,0.11729951864713885,3,3,9,0
demo-0236,Velvet 236,Demo Artist 20,electronic,2013,social,0.7626424583924492,0.3027356915057453,social,bittersweet,none,none,A demo lyric about social.,warm,G,240,20,81.47811344585737,27.33194331713682,0.7626424583924492,0.334090331598368,1529.719033417565,3514.688193787116,0.39520337061903776,0.3165093338919901,0.1204019518465008,0.8055239259288867,2.1146838488929314,0.5540483698334557,0.2098950919478667,2.3180705541247635,0.9455578211135952,1.991205090586163,0.21475110661531294,2.3066742089609757,1.1736272745346108,1.3347876262146585,1.0316293114291746,0.3945250180034984,0.8983171895050281,0.05495448513074252,0.12296472452676188,0.036245151883268704,0.34653686325305844,0.035632065735649886,0.04137164814011045,0.06626584814495991,0.15487100197890977,0.006302534261946299,0.04886298513548093,0.0833730399640329,0.002619651845078267,1,4,10,4
demo-0237,Northern 237,Demo Artist 21,jazz,2014,joy_celebration,0.283221620577524,0.5831064051829838,joy_celebration,nostalgia_memory,none,none,A demo lyric about joy celebration.,bright,G#,281,94,120.12226248603999,60.899642445086315,0.283221620577524,0.6749166093265999,1576.4219383697691,3417.049446123701,0.2650827779438003,0.6849906782063673,0.16025712416297103,0.8350587886863176,1.36609486126021,2.580631100349474,2.411325194760139,2.358044696656121,1.6566798597822596,0.8507717004858374,1.9671248320175574,2.0160419052551144,1.0093625304080402,0.8487510811657585,2.33331326955821,2.8641161087696068,0.45060421908523374,0.16070768444040667,0.09708864272817748,0.01257839594588936,0.10049316128525491,0.06628601896851752,0.07210030495196737,0.06838136978866029,0.13621835281881467,0.1694271420451582,0.0012317747992465974,0.03776252869455515,0.0777246235333517,4,1,11,2
demo-0238,Quiet 238,Demo Artist 22,folk,2015,empowerment,0.32783445543691675,0.6923657133829713,empowerment,spirituality,none,none,A demo lyric about empowerment.,dark,A,200,56,105.91363130488082,70.03996100083991,0.32783445543691675,0.6163334293962018,2033.9411767750494,3479.1906660666964,0.602740700855303,0.6166964868453207,0.14764811032296937,0.6836608895904774,2.931246579290015,0.34287894584765244,-0.15018989196538257,1.6333521415963157,1.086297019979177,-0.004605228663933092,2.0258151991548496,-0.49149906244967934,0.463759027416875,0.9247817295792153,2.3022223921551404,2.795468367013152,2.602782247327573,0.0615480123203423,0.4152885854200845,0.02739025143687998,0.06071872241928627,0.17703697180503797,0.04479680906350963,0.0411100828844429,0.026351224317104825,0.058775049531491035,0.016937181718423785,0.040592243656475985,0.029454865426920968,2,2,0,1
demo-0239,Neon 239,Demo Artist 23,r&b,2016,loss_longing,0.32223769429784127,0.6050738635870566,loss_longing,self_identity,none,none,A demo lyric about loss longing.,acoustic,A#,258,73,113.83380131280387,56.81893853354454,0.32223769429784127,0.823792525108795,2157.065781750407,4371.519051244509,0.634045031691416,0.5421443072522837,0.14974117770020437,0.9446314897933921,3.2625173326199777,-0.07691597612073453,2.3497802609821923,1.6787851952763801,0.7666768370614938,2.061746094717197,0.4504032090136054,1.3335446453539,1.0015262672300322,1.3002087358440013,1.7285215063380088,0.7844333380945134,3.3731790288732975,0.059038773329846396,0.09770880249201722,0.03129242748055799,0.12958822478197327,0.12327585523036058,0.022146280798832643,0.21180551656221563,0.048848035902633834,0.17710395877920815,0.0742620148385828,0.007830096751459775,0.017100013052311742,6,0,1,3
demo-0240,Endless 240,Demo Artist 24,classical,2017,anxiety_darkness,0.7911662479593272,0.8569837768487437,anxiety_darkness,romance_new,none,none,A demo lyric about anxiety darkness.,punchy,B,151,49,118.78643507582427,92.59974023453086,0.7911662479593272,0.6058789536900954,2437.8153648610596,4732.497488671923,0.5284326268871248,0.9759625873304189,0.13008394545056085,0.7500455037818863,0.22605219285674094,2.88041095822866,0.5527686734109856,0.8221811539673529,2.614025204961403,3.16182435201773,1.9410318917707834,2.6701725041085096,2.6377881668730923,1.884573140557528,1.0052945171137513,2.6648914068846423,2.7130956907750825,0.10202498388491477,0.007563737361143131,0.10480555861812521,0.004984664785787685,0.03709722999691085,0.11576121820388251,0.021307345127458983,0.18092212423658538,0.2810989729438438,0.033027137947093214,0.10500373152990862,0.0064032953643458086,0,3,2,0
demo-0241,Midnight 241,Demo Artist 1,pop,2018,loss_longing,0.2843424439274279,0.412382837528902,loss_longing,self_identity,none,none,A demo lyric about loss longing.,warm,C,159,49,85.79536173586948,54.365010178868,0.2843424439274279,0.20607933391818856,597.4250075284266,2187.0001079774966,0.6683636613949733,0.6232132002786901,0.082583454712775,0.9751979104662966,-2.227932395816701,-0.3680506138292876,-0.4172106692157472,1.152337024924303,1.29830246593978,0.9542236554333953,-1.3505500487458946,0.8626190317989219,0.5090419685934918,-1.6712343852795908,-2.067013828801687,1.0379892900207761,-0.18009930097924454,0.03933812612403236,0.0034056384351941606,0.010576619216939897,0.11791002932244406,0.031398914468825534,0.23121080427252116,0.008671038515966768,0.07336653755260394,0.026350717767029946,0.027803915392830798,0.14353918653132336,0.28642847240028807,5,4,3,3
demo-0242,Golden 242,Demo Artist 2,rock,2019,anxiety_darkness,0.7105532814138629,0.40142922910663376,anxiety_darkness,romance_new,none,none,A demo lyric about anxiety darkness.,bright,C#,211,80,84.65925188320934,26.977142001717695,0.7105532814138629,0.19908961111349416,1038.3597889774742,2603.0181813667823,0.5291204398921258,0.16206992894949168,0.11414275833314162,0.836655880354969,1.5837619981986997,-0.35523111893834286,-1.9420687201356708,-0.6967707518051554,-0.7970650388685572,1.0367088777799742,-2.416736588395318,-0.1483564600726221,1.7257954735772547,0.3072124628336348,1.196316816176424,-1.3417983335510877,-1.3019895132063226,0.284839515251119,0.06591962994515281,0.02108177065786032,0.013368980537886916,0.0006567207634550716,0.04487673339566242,0.2537220589402514,0.10904808400680538,0.022160877190363304,0.0792045631411478,0.046524328834327895,0.05859673733596772,7,1,4,0
demo-0243,Electric 243,Demo Artist 3,hip-hop,2020,social,0.620333209465079,0.3989230567738055,social,bittersweet,none,none,A demo lyric about social.,dark,D,294,99,89.40330463068929,34.64969788074713,0.620333209465079,0.3876266504267172,1328.594523421282,2727.025193004941,0.41392711950605676,0.36709098468416496,0.12370583035668974,1.0,1.0388488166354295,1.7511455480938278,-0.4712851767231311,1.125157290030271,-0.12298134660105908,0.9954532632965578,1.288514598114841,0.6498688440014738,3.007325721474793,2.0279797691084527,1.7772453328290965,1.3642861923700136,2.3633608177300442,0.15847355018521667,0.0063732789424250195,0.058515469534184635,0.03349908925195338,0.0720329669282703,0.2027024780435214,0.023426335830840698,0.18193924523355867,0.06396971983991787,0.06738971337183702,0.06245908278164987,0.0692190700566245,3,2,5,4
demo-0244,Velvet 244,Demo Artist 4,electronic,2021,joy_celebration,0.4411842849470147,0.4765978185719859,joy_celebration,nostalgia_memory,none,none,A demo lyric about joy celebration.,acoustic,D#,212,32,91.47800091176968,58.03184850231056,0.4411842849470147,0.5174039833580338,1584.2425962941072,3076.629723185508,0.7977432520675675,0.5435461190611108,0.12761137864203653,0.8639162665889818,1.7920548937698284,2.177576521543199,1.3284964789932387,1.9509127007879967,0.23489182797206076,1.818081960350382,1.8047291501563993,2.412886674753536,-0.7684359922285426,-0.007183115601067325,1.7231409693673019,-1.751364479881397,1.39200617378835,0.18491495596782365,0.0941147434679407,0.07430178255394448,0.008883263399711032,0.16537456594074978,0.13714699545374517,0.2053890832919993,0.013742663381132907,0.0162178809268184,0.04590463412997853,0.00935955360653696,0.04464987787961912,1,0,6,2
demo-0245,Northern 245,Demo Artist 5,jazz,2022,empowerment,0.3038493626818959,0.5841303638757065,empowerment,spirituality,none,none,A demo lyric about empowerment.,punchy,E,289,49,94.42907001751125,63.129802594302305,0.3038493626818959,0.4434401376277601,1762.0436201712084,3673.7112579512254,0.2320003209656723,0.6038441858755822,0.11266218581299305,0.7735722905866451,2.27576949370715,0.7531175983920246,1.1524830278003033,2.655228396392314,1.657900930507909,0.4399081441831979,1.3589152858357252,0.3724509885977092,1.6204820127359998,1.7153401540727593,-0.16715970049845263,1.3751494173857737,1.0824267420040803,0.02192563461457525,0.05108592146894037,0.0666334248751504,0.04546615456011707,0.012349299142379271,0.004720924396553682,0.15116699678946363,0.17478000410842356,0.01422594020354601,0.10435570249802889,0.1409844303280269,0.212305567014795,4,3,7,1
demo-0246,Quiet 246,Demo Artist 6,folk,2023,loss_longing,0.14822571592804,0.4510743051838347,loss_longing,self_identity,none,none,A demo lyric about loss longing.,warm,F,150,66,118.27405398890289,41.34527127146759,0.14822571592804,0.5554381923945567,1946.0630028264002,3907.128441155034,0.6429195534672969,0.41807733328070623,0.13371979410242513,0.754196113762035,2.136955363086958,0.47874641651739336,1.3219334033597943,1.1141159016385251,1.3966382166810354,0.4907174707506228,-0.35194435221211173,2.0207426159596436,2.4641314234886487,-0.2921749574981565,1.8689261609262162,2.5831829148451764,2.095911046762323,0.014423479591010886,0.06732465855299612,0.12670360398400968,0.11149312204831019,0.009118381437916809,0.025178354061373826,0.20916634364801806,0.08775269922348551,0.12941642677141973,0.05072724565390411,0.15783329913616873,0.010862385891386304,2,4,8,3
demo-0247,Neon 247,Demo Artist 7,r&b,2024,anxiety_darkness,0.9025148077965325,0.5763525883134455,anxiety_darkness,romance_new,none,none,A demo lyric about anxiety darkness.,bright,F#,287,37,132.86694040064435,63.50745458511925,0.9025148077965325,0.6365559037278493,2359.3155664873,4204.426459614296,0.3684091338289149,0.616366716131732,0.18265524612213302,0.8923064701876651,0.741959598620709,1.6607426878095026,2.0035229827765115,1.292395410924391,4.157799723374719,2.0336637434053255,1.7381878090969505,2.99085104425809,1.4347864651611648,2.8074276106173226,0.13226760441701502,1.3463459537544336,2.849070418377247,0.16580306708037576,0.0441989223688692,0.10645085547200206,0.12886495448587892,0.1015017338014619,0.023363948757649192,0.029757018443447417,0.16084906283344957,0.05915240897973195,0.1269097522889483,0.013132588024162836,0.04001568746402285,6,1,9,0
demo-0248,Endless 248,Demo Artist 8,classical,2025,social,0.5386322787004806,0.8655358704735695,social,bittersweet,none,none,A demo lyric about social.,dark,G,158,39,122.53442318126345,73.43407499243216,0.5386322787004806,0.7405406944030334,2254.7515521603777,4384.323191630188,0.7705203991933709,0.7110063225379973,0.16427925075525773,0.7057470732772304,3.246189377664863,-1.1632667025240266,1.657202678468379,2.0541139058645412,1.4389226701490858,2.963545507731167,3.3020272839704745,0.6879604871204852,4.193486653770805,0.6767411756464845,3.388630681675842,2.2498276985356944,1.5962989028861854,0.028864834545686235,0.11286215424833394,0.06550580788487505,0.06871314497397575,0.022893453441977143,0.14828736007313503,0.24354915669982177,0.05153695885974218,0.07286237448172428,0.015212374692415946,0.10918452797881043,0.06052785211950231,0,2,10,4
demo-0249,Midnight 249,Demo Artist 9,pop,1995,anxiety_darkness,0.6231637589024067,0.6244686504964132,anxiety_darkness,romance_new,none,none,A demo lyric about anxiety darkness.,acoustic,G#,202,40,81.52536273897573,58.69213731992781,0.6231637589024067,0.3573172163448327,880.2009899837788,2231.077231274216,0.3883896180622273,0.6176053721670007,0.06242247895754598,0.8776826438649318,-0.02317344423611007,-0.4870620378310888,-0.2325331994467262,-0.1591962345883808,1.2973037604805013,3.2334936632485123,1.2198708241503822,-0.5653257858897562,0.6297818242852791,0.6733291660574839,-0.9251607224472203,-1.2607992972206816,-0.06328092891678859,0.006144774459708801,0.06257371508732534,0.15068425537373903,0.042871757552031584,0.055132948412639986,0.02838586683352445,0.04221008406254833,0.14291448610197652,0.061821815572592455,0.20992480715003575,0.10081415218139875,0.09652133721247895,5,0,11,0
demo-0250,Golden 250,Demo Artist 10,rock,1996,social,0.5826071174242575,0.4211195867534836,social,bittersweet,none,none,A demo lyric about social.,punchy,A,246,51,91.8293189660381,38.65070945471083,0.5826071174242575,0.34557021979773545,994.2423092560093,2216.2121006681905,0.4741835852827443,0.32304686597897714,0.08300076291990444,0.8527457309146987,-1.4776700611633917,1.7121933783329124,0.4597163843955402,0.2561573689750388,-0.734765940550586,1.064372296342938,0.2970950664026047,-0.38609664274080197,0.4998246966515889,-1.3827854554393801,-1.3353271315491386,-0.8201860853010783,0.6495272676097139,0.01714308990856499,0.25423812062170836,0.09174707227671763,0.024951565620034876,0.062386653792573715,0.1302184949701345,0.04834154206691941,0.046715936688269434,0.07106615780873381,0.028674365264482127,0.0017763969228614712,0.2227406040589996,7,3,0,4
demo-0251,Electric 251,Demo Artist 11,hip-hop,1997,joy_celebration,0.395604116888509,0.4264700552822938,joy_celebration,nostalgia_memory,none,none,A demo lyric about joy celebration.,warm,A#,155,26,82.83736905884746,42.048882201070406,0.395604116888509,0.4007440124717914,1408.0831853006614,2873.410431384377,0.42032866874636166,0.39192151911731116,0.13271626524377536,0.560326423055276,1.3973649891994806,-1.274015774930339,-0.8154079083229805,0.08573416873677442,2.770124142930845,2.2774193600142665,1.3064877557971357,0.9565423782954499,-1.2622769680124746,0.7567581628806989,0.05077848144002872,-0.21666933362272178,0.7548030899746593,0.016111773219381433,0.2240267431603054,0.034787600309322826,0.15112960782515233,0.008288903174889126,0.045223084862779296,0.0028676123786403117,0.0981171906003877,0.08275011061079675,0.08725482296911735,0.19334986829361064,0.056092682595616755,3,4,1,2
demo-0252,Velvet 252,Demo Artist 12,electronic,1998,empowerment,0.288573078994943,0.5120213310836178,empowerment,spirituality,none,none,A demo lyric about empowerment.,bright,B,281,72,94.10973970346431,51.14537730575689,0.288573078994943,0.6071873787122387,1579.8287907073945,3091.111798127868,0.5218790646237064,0.46011276621889347,0.12126456786442834,0.7679922549561753,-0.3467939099098827,1.2873540479944179,0.39438729738717404,0.5445333325525961,0.3312801408766447,3.8590905906430994,0.23738484982598707,-1.1686769538858277,-0.6999319709588356,1.6593026226954346,2.2364526916831298,0.21820280862714625,2.1789496696354638,0.00861306511020729,0.03083193059800066,0.1633704158373228,0.014768992600474951,0.016704801145369316,0.014914932244795419,0.47045396052047433,0.08831626956917119,0.02226159395797156,0.11849572255631716,0.043291295323910906,0.007977020535984489,1,1,2,1
demo-0253,Northern 253,Demo Artist 13,jazz,1999,loss_longing,0.22186861951981623,0.6634821104711134,loss_longing,self_identity,none,none,A demo lyric about loss longing.,dark,C,270,35,112.74913788248547,65.47861984699078,0.22186861951981623,0.5611114782409239,1656.7484969342534,3549.4005849987248,0.4899488095297875,0.639373402902654,0.19357551949932136,0.6460948692292172,2.158512859057483,0.33732905574616934,1.3311954893433962,3.768587519090185,0.23763100517593705,0.47612734517273625,1.1824862628483996,0.3527830423686382,2.084056350940301,0.6654705639367049,1.854009640149337,-0.1291891318000693,-0.6068315021542254,0.09558490267131857,0.10306303609692372,0.02472099196260733,0.01637438993551109,0.12925502293375868,0.013200950269483737,0.21829211079221283,0.13703408973598213,0.026593111734954,0.08533031134172597,0.14751810679948618,0.0030329757260356047,4,2,3,3
demo-0254,Quiet 254,Demo Artist 14,folk,2000,anxiety_darkness,0.8369881968536848,0.669093015217509,anxiety_darkness,romance_new,none,none,A demo lyric about anxiety darkness.,acoustic,C#,179,31,113.18462053166547,73.52370982359894,0.8369881968536848,0.6599167598558849,1809.8013702169678,4163.2599002160405,0.3861224918810834,0.7347996283981597,0.1268002112061352,0.6701840988359383,0.625571590922376,0.5294767823357449,1.0857429758451695,0.5210349712362593,2.19555242129421,0.717016104681625,0.6061845065480848,1.1070311358827314,2.4928388786962943,1.7148761736103992,1.4003104701125302,0.06695523003132098,0.3572915401362906,0.07759982043242408,0.031096744069198826,0.13751697555085743,0.01837297068382469,0.1572103077511126,0.1701847840742376,0.12166918383553048,0.12274651094177655,0.027146795291395933,0.04947923553851232,0.025908522930460226,0.0610681489006693,2,0,4,0
demo-0255,Neon 255,Demo Artist 15,r&b,2001,social,0.6978232707623666,0.6313742959768446,social,bittersweet,none,none,A demo lyric about social.,punchy,D,299,96,126.23423506439937,65.92809115391373,0.6978232707623666,0.6809888286882412,2175.248719491541,4433.247956924954,0.28493744992448217,0.7511953029225735,0.15627692385091724,0.659385102418435,1.0477902683569438,0.14919273727641702,2.45365674558564,0.7617070496534804,1.9686676662047,2.9342170301658475,1.127983071433863,1.5318963069756075,0.4966333900839841,1.4116428910488021,4.374023625273372,2.5779331641104415,1.535269581106395,0.07787560226725412,0.020138972575754872,0.16263042291643237,0.0766194080744114,0.05445516913214843,0.08217354395063664,0.24803335409874078,0.027347142506347365,0.11962739337319066,0.05662236004147062,0.00014298788087884127,0.07433364318273407,6,3,5,4
demo-0256,Endless 256,Demo Artist 16,classical,2002,joy_celebration,0.36518827003288046,0.8386088558397665,joy_celebration,nostalgia_memory,none,none,A demo lyric about joy celebration.,warm,D#,163,20,145.80867373205456,78.31398950673136,0.36518827003288046,0.8057050275498086,2242.716899252181,4076.2668245085447,0.38673481148129396,0.7220769649257951,0.2065147617375419,0.7989685340719849,3.033418804183167,1.8149690874494142,1.9203325117193546,2.067372977491092,3.2065393185924465,2.4116247556745987,1.042666156523335,3.7225141380864173,1.8071845010136869,1.6444798761233517,-0.7295053022490348,2.734399591161337,2.2010126396618834,0.04313317203145396,0.02163914434874834,0.05057671279505692,0.18424970498195453,0.1429255443421921,0.07978741492091423,0.07952351249180539,0.15108809890883312,0.018238280553621818,0.0771435744686964,0.1009666957001403,0.05072814445658296,0,4,6,2
demo-0257,Midnight 257,Demo Artist 17,pop,2003,social,0.5266254315578902,0.29570804029080866,social,bittersweet,none,none,A demo lyric about social.,bright,E,306,79,73.23936978342438,37.79261970895098,0.5266254315578902,0.2859906437862799,1093.1560442770913,2178.9262010053417,0.596537806914969,0.49554189195512927,0.10808111696240193,0.7234787955411979,-0.6275686027358373,0.0006582082230062616,-0.6328946452609244,-0.5580869998134319,0.9852539092594899,1.0261562807722122,-1.646892482048664,-0.8181695179002196,-0.4640043869133926,0.599088946165252,1.1430755885056563,2.701967934273884,-0.4656732962826614,0.09263703813573797,0.02077237302355459,0.013945168841090403,0.03515836526184707,0.0966035409945512,0.02112346116233827,0.14554202495338375,0.1548473480109408,0.025101781870990856,0.010969901321473073,0.017616852056769335,0.3656821443673227,5,1,7,4
demo-0258,Golden 258,Demo Artist 18,rock,2004,joy_celebration,0.40312657318402856,0.20991053627584444,joy_celebration,nostalgia_memory,none,none,A demo lyric about joy celebration.,dark,F,285,23,90.38006591598453,15.907005882360462,0.40312657318402856,0.20264861992975616,1080.9046323211496,2434.4077502901987,0.643377287391981,0.19270819723193575,0.12284504300176596,0.9541410038084102,-0.06808710928656625,1.6350808353007191,-0.744206150879736,-0.7808777497656938,1.0527465714983388,-1.2047407384088016,0.8727656284189578,0.40131319372132607,1.3718527286548727,0.24055603504511053,0.35604894629552714,0.8092649929249058,-0.36264955005977845,0.029664703434815292,0.003742962165703972,0.0004869340026990651,0.023966796661130198,0.13745153278352162,0.20089502106610876,0.2789065439179495,0.09006644684358471,0.08243954142277936,0.016262941118214677,0.0037514821609525364,0.13236509442254027,7,2,8,2
demo-0259,Electric 259,Demo Artist 19,hip-hop,2005,empowerment,0.42646668584647063,0.5414845443460833,empowerment,spirituality,none,none,A demo lyric about empowerment.,acoustic,F#,260,76,98.87442124382049,48.29861121956639,0.42646668584647063,0.5455982556885801,1299.63682001205,2601.1295523749286,0.5995578115528131,0.5220137716618027,0.1513999078676228,0.9281290356169707,2.5454724558645654,1.219853980326533,0.8288105919386282,-0.7849831213257467,0.9080965345140803,0.04749664312868207,0.8115100134324709,0.654513186309656,1.071733588850135,0.5026692904614893,1.5350201907325847,-2.123154312875058,0.7899935751578444,0.012540476188853704,0.005659640956172003,0.2506851313589187,0.030477385182718187,0.014321627553142815,0.15642946090947935,0.05703975859785766,0.20120513050660277,0.015626224222217433,0.2308081045303559,0.010240745021495594,0.014966314972185767,3,0,9,1
demo-0260,Velvet 260,Demo Artist 20,electronic,2006,loss_longing,0.1711771106593522,0.4860323169530741,loss_longing,self_identity,none,none,A demo lyric about loss longing.,punchy,G,298,85,105.24358544488057,53.13670175000573,0.1711771106593522,0.38955888027958535,1375.477839626926,3331.811792011783,0.29373001422671063,0.5587413591911815,0.16233818397508026,0.9619234803393135,1.6378725906320915,1.6088095153221205,3.151907450196455,-1.4343956628937709,0.4356643239193648,1.7484918490766015,0.5627129921580429,2.1397783086070348,0.8606459396898073,1.0317438603375975,0.6253253357540622,0.37748904119193916,0.352890036852348,0.11895401325521453,0.268019303406447,0.018810872717647937,0.11264125513187691,0.026014287647256253,0.010622706107187104,0.11731160508950965,0.06691892547101871,0.13513873001772464,0.021056960075422255,0.05030474766862797,0.05420659341206716,1,3,10,3
demo-0261,Northern 261,Demo Artist 21,jazz,2007,anxiety_darkness,0.6905289407413712,0.7868804984160104,anxiety_darkness,romance_new,none,none,A demo lyric about anxiety darkness.,warm,G#,243,70,106.27455324313712,67.7310428893242,0.6905289407413712,0.5419027727547084,1877.3448167169474,3344.0672115237467,0.24395449928233215,0.6934581935382442,0.09912683827653743,0.769889640486446,2.3868742898588184,1.779093903508738,2.242356065725276,1.820351365202829,3.6103344887834083,0.6117603723431849,1.5981316770083231,0.7618795287873497,2.1568012699148706,1.138425123949504,2.918844879444045,0.6691840445980235,2.6071265257169842,0.028111951780669827,0.05320973134407335,0.026096136637893542,0.022590675449641984,0.07093816884832527,0.26751385041349873,0.037808965786065483,0.31481159829288724,0.04547466421927767,0.07923537383107804,0.0396692273295192,0.014539656067069813,4,4,11,0
demo-0262,Quiet 262,Demo Artist 22,folk,2008,social,0.7171517373679928,0.5857932500307449,social,bittersweet,none,none,A demo lyric about social.,bright,A,153,70,118.67795759559057,72.7765404977724,0.7171517373679928,0.6041612887409861,2111.288994920825,3652.0747580153716,0.1926438304714705,0.7682817058161501,0.13925827760763027,0.6241459402414002,1.3414876094335262,2.7305579759317014,0.23674738218730185,3.8359959539472674,0.6621184054633381,1.58701085412575,0.2808675821523916,1.5416103486960142,1.366252178241323,0.010506097668912862,4.32582696895091,1.0046628309813053,1.0055374426939714,0.1561058165166034,0.023164504700303738,0.029819799008381196,0.021059098970104755,0.09184140217595257,0.1610807881841066,0.027688852606516753,0.03191270155123443,0.06530257298706366,0.0037925016275789153,0.37458468782631754,0.013647273845836498,2,1,0,4
demo-0263,Neon 263,Demo Artist 23,r&b,2009,joy_celebration,0.40164792784122694,0.9233164022913374,joy_celebration,nostalgia_memory,none,none,A demo lyric about joy celebration.,dark,A#,231,85,136.90033946389676,78.73669704877051,0.40164792784122694,0.8217756045540456,2221.518783883653,4305.762357582295,0.037562035541469696,0.7776168497131862,0.1820433127983908,0.8924510268314085,0.5802766619001223,1.5062779601321261,-0.7363655052011469,2.2129928401727534,-0.08332840122682383,2.9304778427875715,2.9827248607174086,1.3256331855935013,2.3212759304540884,1.5829012759394914,2.041908395014866,0.6527405767568499,2.422492623239909,0.2235691288504319,0.17072299977798383,0.21541532976422018,0.01460174198061847,0.014777118616268606,0.12190306377918858,0.011656679380743662,0.11442532672551435,0.007566398876578986,0.06979517062027511,0.006209012820333735,0.029358028807842437,6,2,1,2
demo-0264,Endless 264,Demo Artist 24,classical,2010,empowerment,0.20403082903622466,0.7153702805370088,empowerment,spirituality,none,none,A demo lyric about empowerment.,acoustic,B,150,30,129.4186089385448,85.8318092583871,0.20403082903622466,0.7663847875238566,2372.402028262021,4544.7356882017575,0.3131607095658071,0.8577808640634362,0.14317886524084433,0.8386857934371401,0.22171495763667948,2.4483100985408797,0.6310006191028878,1.7164722067782046,2.994927691449249,2.3273799885984174,0.4543397762756991,1.427606155305976,0.5986214745231981,0.40524150039480666,2.2176631761339745,2.660298343560103,2.5406059207156897,0.12708177112143137,0.0002985543856464785,0.005662690705977374,0.11275976531348797,0.10037515485554964,0.072543224032357,0.0286972378513511,0.0014107680700720653,0.1602697001868106,0.09823745440244122,0.15270934935881797,0.1399543297160571,0,0,2,1
demo-0265,Midnight 265,Demo Artist 1,pop,2011,joy_celebration,0.4689771299224039,0.15138469208633837,joy_celebration,nostalgia_memory,none,none,A demo lyric about joy celebration.,punchy,C,195,65,71.40266768625663,17.91521466555531,0.4689771299224039,0.28469443199550726,848.3618445033337,1947.8106860697023,0.4021846442310339,0.16005531090136224,0.1014765176681277,0.8558947287224825,-0.2345965097110292,-0.2521762639813468,-1.720813158487053,0.5397345172563511,-0.6958978871500408,0.7471232382297756,1.3164399478541957,-0.18791502669300522,-1.0233112807658922,-0.016698613086298133,0.34870199801863844,-0.3155200012467209,-0.5640384093793239,0.0844397593254112,0.013607586474330581,0.08910390103125002,0.025867409777430996,0.047256534426379435,0.051015404223955264,0.09230413627776093,0.16192426544855085,0.07495398706608965,0.008371485078656326,0.32204217900059356,0.029113351869591297,5,3,3,2
demo-0266,Golden 266,Demo Artist 2,rock,2012,empowerment,0.45216648497493095,0.20561948812945563,empowerment,spirituality,none,none,A demo lyric about empowerment.,warm,C#,217,94,76.69789567873381,17.27376747260492,0.45216648497493095,0.37849793674356164,1191.5741031957907,2432.1666858574135,0.6238288111068613,0.08309933327104031,0.08915081977812425,0.5935635990157918,-0.5974051428696932,1.8080771845440948,2.357802234585402,0.5345904682304427,-0.3384292072685546,0.07836009914905656,0.7733398908330222,-1.2629808516390824,-0.2724991759812048,1.734893074450249,-0.7457100693283625,-0.44902489926154293,0.3131936559814405,0.01288870751698779,0.10452720750116073,0.0001429144916793117,0.13037655279342292,0.01924038317687618,0.15213648746563388,0.09571634442842046,0.016202293123959922,0.08141286753807496,0.3142632153286143,0.042031575235043035,0.031061451400126543,7,4,4,1
demo-0267,Electric 267,Demo Artist 3,hip-hop,2013,loss_longing,0.19223874739622035,0.3974541863731751,loss_longing,self_identity,none,none,A demo lyric about loss longing.,bright,D,293,20,100.86523941053069,51.332565622396224,0.19223874739622035,0.32127063347686224,1290.6303391436074,2770.252748211495,0.3953443144043382,0.5257218064499125,0.12886610482512018,0.8432826904793437,-0.37680976361512497,-1.0459836943336827,0.8623884365307285,0.0940809585173481,2.438312379686786,2.484509696014946,2.59068979439604,-0.3401109010347132,1.1693690867420936,1.470952517251484,1.358354233544402,0.24560205580614136,1.879164902965326,0.040517318636378995,0.29877200571571716,0.005634778581276512,0.06159566111678402,0.2264967803355436,0.05170008598844666,0.17831212827929227,0.009576168558690716,0.024940762194683823,0.022271583440126346,0.04824240267217867,0.0319403244808812,3,1,5,3
demo-0268,Velvet 268,Demo Artist 4,electronic,2014,anxiety_darkness,0.735279558007069,0.49233372535030084,anxiety_darkness,romance_new,none,none,A demo lyric about anxiety darkness.,dark,D#,233,78,101.26665903485537,59.827467276487205,0.735279558007069,0.472278495752412,1274.0780364392583,3090.9419302505194,0.6753846837462146,0.5757098892182031,0.12669046893144814,0.9042991437327154,1.6954892582045358,1.921751087651711,-1.872553610053703,2.6335230384421107,1.5364004354279288,3.3614764140241498,0.11767396922571605,-0.8634506056489104,0.9072184567251763,0.624627670242839,1.5536639836148212,1.9749283445863557,0.8127058551205029,0.19197841028416235,0.039730811206808256,0.06857499129997298,0.0307206267790149,0.013827347826941328,0.1559369397122266,0.12541172665097358,0.28180011192182747,0.03801256802443136,0.02580670714258193,0.025682501939316604,0.0025172572117425763,1,2,6,0
demo-0269,Northern 269,Demo Artist 5,jazz,2015,social,0.6483408115627518,0.4263270425353618,social,bittersweet,none,none,A demo lyric about social.,acoustic,E,178,76,116.78153186056714,50.94690928738869,0.6483408115627518,0.46242739093058777,1740.0397950307624,3651.8126723885102,0.6371456189344359,0.5492115031196545,0.1460573302900307,0.872400330853685,2.5730881326061543,1.6250225939953733,-0.6372023468141836,0.6714667938499033,1.8963700717220877,0.5729040662905958,2.8201061394586437,1.1368201718335684,1.2852487713594363,2.3247441989017354,1.0171501026907073,1.376277035728186,2.0991234839991124,0.09394939090664808,0.03184831247954116,0.016106886732049856,0.00045511443096401616,0.04866378361130727,0.058394442576713786,0.26152725647738706,0.04861771736165841,0.01755425136892401,0.10242399308465445,0.004382039249824997,0.3160768117203268,4,0,7,4
demo-0270,Quiet 270,Demo Artist 6,folk,2016,joy_celebration,0.44345212999605604,0.5675145096336813,joy_celebration,nostalgia_memory,none,none,A demo lyric about joy celebration.,punchy,F,293,45,105.67234458913612,55.23364152977904,0.44345212999605604,0.5841641894451984,1920.6916041954673,3875.2326389076975,0.49869524449867486,0.5250422361076474,0.17497131561514814,0.7460742518379181,1.2079036369785463,-0.09149763591962357,0.7863741231541048,2.0160760763390497,1.8206019563548599,2.0995169900657618,2.05098228594567,3.587714036295154,0.75214117255309,-0.11942374343478845,0.44944700392847614,0.7963481641684086,0.5256730633830891,0.035365085834405695,0.12155234900640609,0.14034493625981917,0.004501324207310865,0.04849053505291577,0.19363909275373675,0.07869134923757362,0.07996198853349518,0.025527609872434395,0.04751403572185477,0.10754621836428088,0.11686547515576681,2,3,8,2
demo-0271,Neon 271,Demo Artist 7,r&b,2017,empowerment,0.349135808845333,0.6485981951606226,empowerment,spirituality,none,none,A demo lyric about empowerment.,warm,F#,159,80,116.35819296287151,56.830519606159925,0.349135808845333,0.5601969231522135,2062.8486500453305,4190.620075434585,0.5515403393539565,0.5282798410318158,0.11578481156035883,0.8420012763672166,0.9022926010247488,2.489062479015283,1.04389035787225,0.8120995463301911,1.9531719072595841,4.157699230026369,2.549029991116573,1.9362192992058516,2.158851536380968,0.04888413851440254,0.6776596292474435,-0.7109288650471393,3.5298738945766224,0.2114297140034685,0.07186952066167568,0.01831785107577987,0.11634200062437348,0.01977412329986113,0.1661593317276903,0.004220930806466891,0.022590820944421608,0.3083728549921566,0.03253827275589578,0.00021513653892246578,0.02816944256928758,6,4,9,1
demo-0272,Endless 272,Demo Artist 8,classical,2018,loss_longing,0.09779695861134959,0.6485486360944571,loss_longing,self_identity,none,none,A demo lyric about loss longing.,bright,G,271,51,126.9742634857718,65.90881181514149,0.09779695861134959,0.7821637277189505,2379.456268856693,4631.216229348984,0.44642088828789217,0.8113543977519722,0.15871022553052086,0.7096670008244128,1.0736994499042425,1.8890592734456948,0.38046390913421635,2.394562843827811,0.19469623043519313,2.2616709240572312,0.7487482559036469,1.7187065926199074,2.7045403991323593,4.4040376838763535,1.0219994792188432,1.9496825505736082,1.3762413252244579,0.17772137235730393,0.10521679913071419,0.007238325499838869,0.09999990372065017,0.06582309174624479,0.1320468863446244,0.040617437155468575,0.04423911163922589,0.10383544608183308,0.024423419001595323,0.05499473317102185,0.14384347415147897,0,1,10,3
demo-0273,Midnight 273,Demo Artist 9,pop,2019,empowerment,0.24272388956513516,0.10602275171223835,empowerment,spirituality,none,none,A demo lyric about empowerment.,dark,G#,208,54,84.86448219858218,15.334644121216968,0.24272388956513516,0.41044337526182745,963.5761823937037,2185.0798834555562,0.6191938718470988,0.09612141034058413,0.06310685555967548,0.843663757768649,-1.00567841714885,-0.06530673216548083,0.1196270158728145,0.24811955917829656,0.937791538525052,0.8320751882917314,0.19500006716769022,-0.4420152804694056,0.10776208867632091,-0.5962104166749215,-0.19642892200617093,2.6181734235804135,0.18218970088354047,0.01119907052235478,0.05845494184236356,0.10937551702340784,0.09825279727619074,0.03609411830680308,0.03989454572553181,0.0508733570444976,0.0018065982985841342,0.07256437860436644,0.06867109873587654,0.1559651771854679,0.2968483994345555,5,2,11,1
demo-0274,Golden 274,Demo Artist 10,rock,2020,loss_longing,0.1957359725692079,0.18453620085110914,loss_longing,self_identity,none,none,A demo lyric about loss longing.,acoustic,A,152,36,75.29668890027341,32.38447663261608,0.1957359725692079,0.32228071827985943,1084.4064485184274,2527.071627882699,0.4484520085365437,0.3204762139646433,0.10880744735219172,0.7552969042372875,-0.4731944576387653,1.3814739243556018,-1.8044057022667028,0.09428484099051723,-0.16889947188421556,0.7187914867264866,-1.1542927965190086,-0.19978534124360414,0.19764026601024404,1.3700736103704594,0.6321849667954238,-0.8834882108688618,-0.18747671872065969,0.12445776686239518,0.039033571722640915,0.000557066076510099,0.03443995932360816,0.10688637100456604,0.024622102987265575,0.017564684844518813,0.1450819860221431,0.12996979549332766,0.24636678623341896,0.019615381294849476,0.11140452813475604,7,0,0,3
demo-0275,Electric 275,Demo Artist 11,hip-hop,2021,anxiety_darkness,0.7283776184087302,0.37188347720978476,anxiety_darkness,romance_new,none,none,A demo lyric about anxiety darkness.,punchy,A#,301,63,86.56799243293082,46.343578217377605,0.7283776184087302,0.22691101371935438,1531.8427387792347,2695.622841848731,0.46304404343779537,0.5454811074484918,0.11716515811624721,0.7836663397798137,-0.6281730445505332,-1.0348336996275664,0.4336137354038717,0.9628097740748948,0.9055254082107725,0.11873891953078419,0.6202577993469424,-1.2372099953279672,1.0601670206954785,0.7614058447700459,2.5736608941828574,0.6074796464290473,-0.3426693521460791,0.14694048509217927,0.012567843765445712,0.04661307107051785,0.0027743747357261953,0.018195552219502812,0.09781409626141063,0.09436599655833965,0.28737122320079317,0.06888064822656809,0.012926596216273484,0.08962047342248843,0.12192963923075464,3,3,1,0
demo-0276,Velvet 276,Demo Artist 12,electronic,2022,social,0.6656246468036451,0.5288268524646695,social,bittersweet,none,none,A demo lyric about social.,warm,B,191,24,104.98596274262924,43.226102145663106,0.6656246468036451,0.4429963006646539,1505.7175488305422,3138.629084037934,0.4922992996194806,0.49065893725724896,0.08305652543323666,0.8030538304581838,0.8205036243051458,-0.471501141444149,1.5717672165874648,0.17549980805507537,0.5429673506468402,2.748781907754043,1.9099736495390558,1.474486939145116,1.280776934644404,0.7353199775546573,2.8993772653701013,1.702167631440239,0.1504500860347474,0.21597789299581294,0.21758829718247294,0.04204517725658377,0.07352713887622611,0.01841720167006195,0.0011582435206975079,0.030872436865849114,0.12543605982107847,0.05578963167840862,0.025790832524664974,0.027295125440321918,0.16610196216782158,1,4,2,4
demo-0277,Northern 277,Demo Artist 13,jazz,2023,joy_celebration,0.5904779542245017,0.5036816401610857,joy_celebration,nostalgia_memory,none,none,A demo lyric about joy celebration.,bright,C,190,67,121.26787896149489,52.61274312054346,0.5904779542245017,0.48090246905164413,1389.4805622363679,3668.011717788829,0.4487042153959788,0.482818110548835,0.12822563787694066,0.7585186178633971,2.49719309069374,1.3599112393175146,2.483598630108135,1.6942201192784956,0.8907692760495156,0.8096427967907427,1.761608750749601,2.0204256293327085,2.1967926857008693,0.9384614886242569,1.3752058564044725,1.7840404092553264,0.8160349740631381,0.023522896633261278,0.027908226866356144,0.07218827963428545,0.04371543603438893,0.17384638777278,0.09607053471236836,0.09356597731732642,0.13671338738007063,0.07349626865489808,0.044596341320623685,0.05146928652489783,0.162906977148743,4,1,3,2
demo-0278,Quiet 278,Demo Artist 14,folk,2024,empowerment,0.3370880740322756,0.6556852751184233,empowerment,spirituality,none,none,A demo lyric about empowerment.,dark,C#,182,51,124.01596401545011,70.8008877916791,0.3370880740322756,0.5196090473344125,1849.0008442675685,4025.405440543812,0.5113662242028286,0.7414965827523868,0.15803503820011375,0.7964665447706052,1.1517008808514435,2.3315580224838186,2.6623365678111552,2.584188347016097,0.3145283663523162,2.8049110178443293,1.142064745802355,0.7449704624551656,1.3306723032315266,2.331128435248732,2.0404641840280626,1.2446135881457323,2.3376658668779746,0.08448986043185974,0.005909689676741104,0.07726943152870393,0.0797164780977724,0.21439429443808727,0.04134841995995041,0.05416064775646033,0.1598528805204805,0.029460960928092236,0.15695372469696955,0.011596332585294147,0.08484727937958823,2,2,4,1
demo-0279,Neon 279,Demo Artist 15,r&b,2025,loss_longing,0.16105674265932987,0.7345947062776779,loss_longing,self_identity,none,none,A demo lyric about loss longing.,acoustic,D,307,54,116.66633568962057,59.294929755471934,0.16105674265932987,0.5137097271730076,1953.4364944382776,4023.4366340586275,0.404946802379201,0.581746762242995,0.11455632399128297,0.7908318404953467,2.8277297751471075,3.422841247364195,-0.09444614791713946,0.9986072407608443,0.9457661390254647,1.9457214275256498,0.5802275321235464,3.4822632487266807,1.8435224716857397,1.6768537107007881,3.3927137337827773,1.7839523759166516,2.2003034064986884,0.21876583064119454,0.1619289197765044,0.1375233696046249,0.11228753197746456,0.08528046561022429,0.014180334328029339,0.030023115627177317,0.09293990669052375,0.07508136205374594,0.038520828980600386,0.002930507112474783,0.030537827597435615,6,0,5,3
demo-0280,Endless 280,Demo Artist 16,classical,1995,anxiety_darkness,0.7639010457399565,0.9438113864312747,anxiety_darkness,romance_new,none,none,A demo lyric about anxiety darkness.,punchy,D#,275,99,131.62424580416067,99.77473078871134,0.7639010457399565,0.7329610201590495,2464.7467505036293,4603.927352398529,0.47038671235030505,1.0,0.1559872226430693,0.8537042533360686,1.5927679218154414,2.559458515966938,2.4785013252853654,2.1688036256950642,2.8945397181593546,0.5296009286393146,1.0350837817790601,1.8299403264469658,0.6567366123266771,1.6931354854452947,1.72536970492245,3.409683786666694,2.2425337022914626,0.048471397040893614,0.02505344714514201,0.11828430454390136,0.18765264403697654,0.008950332790118802,0.06852038641475047,0.06009482560268565,0.049843504886060715,0.18949666314822244,0.14092065358557204,0.04605349753767721,0.056658343267999144,0,3,6,0
demo-0281,Midnight 281,Demo Artist 17,pop,1996,loss_longing,0.14914663924022042,0.3328601802472644,loss_longing,self_identity,none,none,A demo lyric about loss longing.,warm,E,254,28,66.09090275479195,42.163198776796804,0.14914663924022042,0.2185418589119158,808.086487196797,2220.5357346233786,0.5931196158721097,0.48126559943875125,0.12089942597893404,0.8000773709234742,1.0205219737563338,-0.6709996139763603,-1.8208660144619664,-0.6711310717105081,-0.8062605142762874,-0.6319870717991768,-0.9593747292418892,-0.4611095775797121,0.620017214093578,1.7152571026625716,-1.7253464742590232,-1.2877346269007441,-0.7914462587281675,0.04605390205060808,0.220301562273576,0.005135023893696977,0.006537485735387779,0.045875920448684854,0.1378801312114983,0.2434476191066898,0.11400915106551276,0.040024571651691744,0.025329089481626252,0.07132747732439962,0.044078065756627614,5,4,7,3
demo-0282,Golden 282,Demo Artist 18,rock,1997,anxiety_darkness,0.8828560705511704,0.5468917187974653,anxiety_darkness,romance_new,none,none,A demo lyric about anxiety darkness.,bright,F,244,71,78.94818308091878,43.99856271592153,0.8828560705511704,0.44322609857758277,1165.8797642734025,2988.606199825375,0.5465154332742029,0.4748700291099195,0.11580847782592063,0.7900901408131882,0.041208450412433595,0.5942438446585667,0.8211757518138552,1.454387899644425,0.6088505583037642,-0.16288917542522896,-0.02685399659898341,-1.0229369429031807,1.9612138435723099,-0.2411736135208487,1.2674404601379066,0.5765508574425335,0.6037318308394068,0.04128658698413913,0.00558625141252668,0.0617071162490098,0.19359568244897213,0.029876417874056004,0.08612892424898286,0.024230420045669922,0.02193961449247252,0.11698308055258845,0.0709677347396364,0.31901577407611453,0.028682396875831684,7,1,8,0
demo-0283,Electric 283,Demo Artist 19,hip-hop,1998,social,0.6100776595991313,0.5145133351989584,social,bittersweet,none,none,A demo lyric about social.,dark,F#,307,61,107.89223465048083,54.05007908287073,0.6100776595991313,0.2732760850316448,1380.197195883271,2794.3989660946104,0.40390176372463493,0.526607005470894,0.13334752487666846,0.8724523594020561,0.7860171224347531,1.692741316456627,1.8688329951005764,1.4163759419506143,0.05380754885278105,1.0944415492128765,1.0992006591385695,-0.21563143364655168,-0.9694388940542581,-1.4227756213745555,0.6698554901121516,0.8980397148669181,-0.5817815776524143,0.025645535847221252,0.23506728124479392,0.05070367595663162,0.003967773027395872,0.030290094083183835,0.08243851644047719,0.06482666757383405,0.11331030252798065,0.05798887932924108,0.10113926045932672,0.21248241923014838,0.022139594279765428,3,2,9,4
demo-0284,Velvet 284,Demo Artist 20,electronic,1999,joy_celebration,0.6379680885194638,0.31120610494730205,joy_celebration,nostalgia_memory,none,none,A demo lyric about joy celebration.,acoustic,G,245,40,110.43514112081056,48.11387983488089,0.6379680885194638,0.4087756547290162,1510.8958877247558,3087.453571414472,0.3974348536771576,0.493369930404523,0.10409156798001792,0.7889031218669775,1.4159942376845733,0.6849062886133568,-0.10020419998577568,1.9301853986015016,1.6302569616168499,-0.14118717130374137,-0.3941075650225414,-0.05192441599382436,1.4452731654872153,1.1755728989625456,1.690082712445714,0.5738497819493851,-0.02473423750010717,0.02758375698799252,0.2526207376069203,0.0828102384177096,0.22527490864235444,0.08741607266469284,0.054025028585790155,0.014983496001408136,0.001657989689341797,0.045860843495224415,0.1822019254870607,0.013593296066916777,0.011971706354588498,1,0,10,2
demo-0285,Northern 285,Demo Artist 21,jazz,2000,empowerment,0.4036794636357671,0.5342669968981693,empowerment,spirituality,none,none,A demo lyric about empowerment.,punchy,G#,243,54,104.01180840981849,44.971245439826575,0.4036794636357671,0.5513303019049524,1562.2218039368965,3398.0814218649557,0.6914168061419623,0.47584519494148675,0.13686497421033517,0.8113072361836484,1.7809053655297715,1.9724101479101135,0.6435858526208978,2.7347209432796697,2.5163482012046607,1.877257630353213,0.35704013415410885,0.1797760932294068,0.8733962034034067,1.2607650976444107,-0.5684918655590523,1.6946931335452562,2.487462263848472,0.22441598832313123,0.0703163984443582,0.006040967795832324,0.09888501666571953,0.06080809062272492,0.05558444654640421,0.05808813578371677,0.04689929843039595,0.03904725830115339,0.19281354570932174,0.030839842744507313,0.11626101063273439,4,3,11,1
demo-0286,Quiet 286,Demo Artist 22,folk,2001,loss_longing,0.2778500698440995,0.8656045543509416,loss_longing,self_identity,none,none,A demo lyric about loss longing.,warm,A,235,51,114.11986567395364,75.37290623202493,0.2778500698440995,0.5797697224439693,1741.8293997126398,4041.1523080817487,0.4517152379321495,0.7790239153203948,0.16357993051484868,0.675468449094986,0.5766536075403654,3.047019907055494,1.790435515683544,0.919414335701484,1.3736529888724562,2.586236904832839,2.4343144797343044,0.03391823776035685,3.1342838436718923,2.4661480309986796,1.3475247506584138,0.3082775569132796,2.5540086400609257,0.03657117624744907,0.0762178510351813,0.15573857790052345,0.160092060358831,0.04549467928039434,0.006251111110521501,0.05449560484107415,0.05516148595599626,0.1692824194953938,0.06426888348898888,0.045995649252165635,0.1304305010334804,2,4,0,3
demo-0287,Neon 287,Demo Artist 23,r&b,2002,anxiety_darkness,0.8130072784732048,0.6311658344520696,anxiety_darkness,romance_new,none,none,A demo lyric about anxiety darkness.,bright,A#,301,28,125.55074432112364,60.82015532542507,0.8130072784732048,0.6099590606611027,2167.6888606704447,3818.2456235571567,0.1518546900094599,0.6497686217596651,0.1525051222738731,0.7738582701019733,2.6309466793666147,3.1970103850445986,2.334487954827583,3.728072830217812,2.3026891340572773,2.1022134635799947,2.0403888225045987,0.5145044378663834,2.755998605640122,-0.6454660200152862,1.2137471427242215,1.8229303505676122,1.010237676586637,0.036388484934344704,0.1598916780664554,0.04247783790050873,0.015859670172888512,0.045506402681644034,0.2497361939910759,0.07096473647526257,0.1363091132766111,0.020562701704802722,0.031491754129094926,0.05540056823090558,0.13541085843640574,6,1,1,0
demo-0288,Endless 288,Demo Artist 24,classical,2003,social,0.6201863069770894,0.9200985990899493,social,bittersweet,none,none,A demo lyric about social.,dark,B,299,50,136.7564946527835,76.1197424650787,0.6201863069770894,0.6768368285298992,2452.7891581963,4177.986781367263,0.43068986814220495,0.7007837126794842,0.15790053356261066,0.9250470040231071,1.4876741106963023,2.8182561254740843,3.6172651820570403,2.0724226863966813,3.09376710505628,2.6310859581386756,2.2164369305835327,2.8503155893169296,3.9399380899918537,1.4627310874914476,1.1407990998239252,1.0820854543446567,3.0944279697365547,0.04440288705668358,0.017187284076054365,0.11645004261803682,0.0198708352057391,0.0657770954753037,0.2409553506139831,0.0723471465894157,0.08161969542847937,0.06809993684541027,0.18878962724040774,0.07023719386489422,0.014262904985592035,0,2,2,4
demo-0289,Midnight 289,Demo Artist 1,pop,2004,anxiety_darkness,0.8298450476300103,0.30195169837942776,anxiety_darkness,romance_new,none,none,A demo lyric about anxiety darkness.,acoustic,C,300,37,78.3288571862697,23.863104462370618,0.8298450476300103,0.22277995850147708,802.6419204511196,2121.6733453744723,0.5284195862204787,0.23251923955832654,0.07752535868738172,0.6870279965684949,-2.0985217749066836,-3.1194749238680104,-0.13178182295492516,2.3202303751428555,1.7967795237914266,-0.9782314121229713,0.1499032973906105,-1.4645795100501657,-1.312109530858121,-1.1974725976303797,-0.22549868444183307,-0.18245961021197618,0.25270197080685886,0.04869114639431425,0.008590427482883191,0.13544068238613607,0.22711413907150582,0.058377789434426265,0.009583167442912262,0.13091801428210492,0.02913208468186614,0.016823400108456767,0.0640917711967002,0.17997032383557593,0.0912670536831182,5,0,3,0
demo-0290,Golden 290,Demo Artist 2,rock,2005,social,0.7045204788655296,0.42765843560037986,social,bittersweet,none,none,A demo lyric about social.,punchy,C#,187,65,83.60837694043767,34.05413934095809,0.7045204788655296,0.4042774321110517,1123.8655406892128,2584.9981366757675,0.30055559096612694,0.3682432043953071,0.10027671611654582,0.8349451223284141,1.2199888455514643,0.9688085075182737,0.6487197254894737,0.9421282961845168,0.9884110538887851,1.795501161383926,0.2659493005372289,0.46395699344238867,1.2320668089761115,-0.190387609763513,-1.0352674726779856,0.7932301745827706,0.09397631538405538,0.031553428907042526,0.08219574141833001,0.08293285684555383,0.20597199094544857,0.0309381758623311,0.16273863096650168,0.05520663941092543,0.10134024985155553,0.14462727950605528,0.015695598391205184,0.039876805902868136,0.0469226019921827,7,3,4,4
demo-0291,Electric 291,Demo Artist 3,hip-hop,2006,joy_celebration,0.5051370457569047,0.6276370539606698,joy_celebration,nostalgia_memory,none,none,A demo lyric about joy celebration.,warm,D,186,89,87.94768546839903,47.86513761007706,0.5051370457569047,0.3457315367341107,1195.8705835570345,3042.932490871624,0.5039977253001227,0.4508730162794446,0.1096430819771493,0.7436772923054604,0.12619682259230608,-0.6644453442892645,0.34127045743479983,0.2407933083478554,-0.15779670640334253,0.7550462563049747,0.8398894801181583,0.043352785708292374,0.45586584923374507,2.758623726900857,2.7204332586021374,-0.4540901901297357,-0.31444756658855866,0.11682489427546848,0.012835353388862807,0.008882715906911977,0.13014504666134788,0.038339815030480284,0.2228794424166104,0.11221728648472683,0.013164689685307965,0.01074035438830235,0.10926199117936812,0.12092815950720018,0.10378025107541262,3,4,5,2
demo-0292,Velvet 292,Demo Artist 4,electronic,2007,empowerment,0.27605924713466823,0.36524031537850216,empowerment,spirituality,none,none,A demo lyric about empowerment.,bright,D#,290,38,97.13334127059522,39.9381461164785,0.27605924713466823,0.43936206102067865,1624.80133183342,3236.1365329042287,0.3938543853351055,0.3764539231934897,0.12530763922958205,0.948595655447585,0.07769531954355802,0.18023933504934586,-0.22858415161715095,-0.582039479436185,1.2070036236254946,1.10290333107321,2.182761852835352,1.9414090077269295,3.297116714531808,0.8261272324589041,0.6394704362037928,-0.4002263451333594,1.5965781674763255,0.0772473824893565,0.09584412401782341,0.032163091393151176,0.035988949670764714,0.0032694699102352232,0.12764576886540877,0.10752365474721765,0.17996484393085252,0.0991067300806906,0.01139310592996618,0.16333616628931827,0.06651671267521513,1,1,6,1
demo-0293,Northern 293,Demo Artist 5,jazz,2008,loss_longing,0.2534887959585967,0.09504561251581292,loss_longing,self_identity,none,none,A demo lyric about loss longing.,dark,E,305,83,96.495802705966,24.465798183915332,0.2534887959585967,0.5227510804040484,1840.6552438041394,3145.6836125291356,0.44607804657265415,0.21898954339835047,0.1716209736774375,0.8431761007850286,0.022782886726577356,0.7287056209696003,2.7561042383855314,1.9143653167740242,0.28176653759457837,0.932929461616911,0.964890851591852,0.6620180728441944,-0.5102121563216897,0.5223782846100316,2.5891993058653746,0.8188555129388247,1.096746369539081,0.0189840146041746,0.062201212077802555,0.103729065198573,0.03049157399561634,0.011768089741633504,0.08013041113996894,0.33171024570239094,0.11015967116310614,0.08367426815430365,0.028430025906596983,0.12922675870367892,0.0094946636121543,4,2,7,3
demo-0294,Quiet 294,Demo Artist 6,folk,2009,anxiety_darkness,0.7340427160949805,0.8226811296079084,anxiety_darkness,romance_new,none,none,A demo lyric about anxiety darkness.,acoustic,F,282,20,113.67901949328568,73.50480261987119,0.7340427160949805,0.4393481755359828,1905.1665069583833,3866.8866349061545,0.7618017528203702,0.7634424839042926,0.172524324635567,0.6790895426378062,1.3731775043470456,2.720746442328864,0.6122664496000769,2.4652226289731027,2.233317864600333,1.7747236484498201,1.1712973748640252,0.5137048454275649,3.2753792941033137,2.1318625177240307,1.8406161246754489,1.087150251797749,1.5378716295899777,0.030989028616285243,0.021725530051229357,0.11259727734333695,0.017027822377452855,0.2585442671322231,0.21939048231005276,0.159955696991716,0.07705599676709951,0.0064211434807439575,0.03661259646318302,0.009098573125732213,0.05058158534094483,2,0,8,0
demo-0295,Neon 295,Demo Artist 7,r&b,2010,social,0.831934802425472,0.4580031124020506,social,bittersweet,none,none,A demo lyric about social.,punchy,F#,291,34,111.68134273901026,47.66491251315727,0.831934802425472,0.7397497256181056,2164.976704362207,4108.935865986108,0.20939223276455693,0.4803389658239441,0.17691656647633147,0.7763721364516811,2.9741993456441502,2.9328951718913623,1.158904617259152,3.3951138587973926,1.8452949643250822,1.8497452507878305,1.898981222602731,1.8693157509411258,-0.8301333566585085,1.6144936018102791,0.4360535283375455,3.4263357022156766,3.3860829917212003,0.061433424535041685,0.0964585957927908,0.04685492030518364,0.14486934186926073,0.03217183739384591,0.004093435684297844,0.23065852217458346,0.1508886787781854,0.0767782505012758,0.017960370220969874,0.020893196618075507,0.1169394261264894,6,3,9,4
demo-0296,Endless 296,Demo Artist 8,classical,2011,joy_celebration,0.5022304833200011,0.5705703469745538,joy_celebration,nostalgia_memory,none,none,A demo lyric about joy celebration.,warm,G,286,26,130.89416769430687,52.08445251810004,0.5022304833200011,0.7055331105008308,2254.305835317801,4259.687026211035,0.7757222772149105,0.6145618436750075,0.16994705737507795,0.8281523605092928,1.1191419429629814,2.742574849939454,3.8596491716142,0.5707692200553067,2.5638832997023937,2.6390222426450403,2.6276065148892576,3.7428176678484695,4.136018212171153,1.8665163221273378,2.773173672156358,2.1842337057260597,1.4678847070603043,0.08305719053389277,0.01889701264549649,0.07807866683321187,0.1428734795879492,0.15559691823871966,0.03297008602464062,0.07532539793764062,0.05119115535662862,0.14712872177188213,0.05704757618506132,0.042061344768044386,0.11577245011683239,0,4,10,2
demo-0297,Midnight 297,Demo Artist 9,pop,2012,social,0.6524104823401307,0.3162521985995976,social,bittersweet,none,none,A demo lyric about social.,bright,G#,288,44,84.37446944572024,33.026049631124955,0.6524104823401307,0.3890566480471078,903.1881133629057,2042.9615240519797,0.7887819616638881,0.3730759451590254,0.09086682037215221,0.9423818846944412,-0.5356089152590949,1.4107034031886563,1.4782845893844914,-0.9214827716810559,0.5817583030209609,0.7821907039613288,2.614909199586332,-0.7423011176338571,1.432543276993829,0.017346018033554168,-1.2413641835805693,-0.11998716983428719,0.0024647610997071065,0.1649397211198335,0.10895910531379824,0.10727385621701685,0.02526699098412561,0.09256266000984453,0.07724864552536996,0.07556737055602088,0.004470675087929289,0.049652052088676304,0.13981051667232305,0.060571154102515956,0.09367725232254581,5,1,11,4
demo-0298,Golden 298,Demo Artist 10,rock,2013,joy_celebration,0.5899299587963291,0.5337502414305205,joy_celebration,nostalgia_memory,none,none,A demo lyric about joy celebration.,dark,A,172,47,84.04491518063443,42.99225261075964,0.5899299587963291,0.42106473404019945,935.4646158716437,2597.378683169067,0.3387103847808708,0.42679556631985893,0.17059676777744284,0.830355423619043,-0.5638132191803289,0.7077890059579054,-0.2170751865893547,-0.6607441131575513,2.4031395333905006,1.366812026266753,0.6455366249957449,-0.09182329024754127,-0.010789482972199227,1.8424818668441505,0.6065775376645679,-2.7828051429488134,2.720938515658837,0.053131529584069206,0.15417618305789907,0.052229155021479415,0.025978774262521633,0.0776233009456829,0.0211911666741525,0.049659376130350714,0.14108693773375683,0.18630543046548537,0.003470632272185217,0.08488188826143506,0.1502656255909822,7,2,0,2
demo-0299,Electric 299,Demo Artist 11,hip-hop,2014,empowerment,0.31715520689324783,0.3852790335473697,empowerment,spirituality,none,none,A demo lyric about empowerment.,acoustic,A#,217,31,78.41089523278369,41.5130575383069,0.31715520689324783,0.37685279099666985,1347.6441622967666,2880.1828285114693,0.6736989578869381,0.5071001864928093,0.15024966893328806,0.8914652384073936,0.45126540923279257,-0.023069069956880073,0.6178784325084019,1.185578769772898,1.4219377982456676,1.22308573351585,0.4788245286239474,1.3868622398422614,1.8608725050835027,1.4801603840675415,0.567986944836601,-0.2338486925060067,-0.2575674293881075,0.013608996669665464,0.24437646613093347,0.04947532563471861,0.26765391971528524,0.020851796332010192,0.06286376184227581,0.0421478716135873,0.04045774459561044,0.19248080400183437,0.02049489135803981,0.038164275212705386,0.007424146893333806,3,0,1,1
demo-0300,Velvet 300,Demo Artist 12,electronic,2015,loss_longing,0.1805910096148762,0.46559080047217727,loss_longing,self_identity,none,none,A demo lyric about loss longing.,punchy,B,272,46,85.73794527660878,42.817653028760866,0.1805910096148762,0.3570740923448196,1479.8338963131637,2922.684710265075,0.4478417157235631,0.5114236728462426,0.10242803224622637,0.7717395148522299,3.0323045542713842,1.3081300829757099,0.5322767125244003,0.7431173654807616,1.3293625083932779,2.59577193062744,0.36914639252275727,0.14238971711171722,-0.4788087327802275,1.003096032509804,-0.505687369817913,0.4362173751782053,-0.008683441110352463,0.2100343505894082,0.17377986793176078,0.07242227093701654,0.04650177362440905,0.05748938163579807,0.12799113093652822,0.1032608582835698,0.04677009505791339,0.03245865739864867,0.014734895652268864,0.10902615771926863,0.005530560233409843,1,3,2,3
demo-0301,Northern 301,Demo Artist 13,jazz,2016,anxiety_darkness,0.8932173105660289,0.35756508060743275,anxiety_darkness,romance_new,none,none,A demo lyric about anxiety darkness.,warm,C,298,32,96.21768199855552,48.01790371552019,0.8932173105660289,0.56058207320727,1746.7164304294508,3424.620336146955,0.663808553768946,0.4518240885050624,0.1465370349561465,0.8820554940271339,-0.2832212088961832,0.45158565832561626,1.2538609673158339,1.8301534194283184,2.621237765921533,0.9841202012720796,0.8835289573501158,0.3274039697863361,1.5299840921770334,0.9028824263019084,0.9259677371742815,1.1061114941114916,1.751628062090339,0.2547831134274133,0.19290851820080657,0.0959555576894031,0.10078777339787605,0.03434391693576641,0.05393103894478275,0.005130072381428699,0.043112227452002674,0.021489715031828515,0.08677544648833921,0.0021657639875351654,0.10861685606281765,4,4,3,0
demo-0302,Quiet 302,Demo Artist 14,folk,2017,social,0.657768832833853,0.5679189862610744,social,bittersweet,none,none,A demo lyric about social.,bright,C#,259,89,123.81425970821914,60.168222102157586,0.657768832833853,0.5656626038182371,1828.781079154643,3592.3189267063044,0.5090955346385421,0.617012246510867,0.12143686712432103,0.8759941415380847,2.2640476398247475,2.474689138278623,1.7998890847405977,2.137082100288996,3.685025844578322,1.1984783991227066,0.45430849911044335,-0.034059883221461584,3.2556739302323163,3.2687872586986573,0.5754002580657694,0.7726791873214434,1.176008962468828,0.25423024395970184,0.1642744534376531,0.04892675685929437,0.2082906694887296,0.008088903768984414,0.007333609748824495,0.0015069320662612557,0.014866987126789008,0.09354630539759909,0.11369901264351448,0.0012946191941921204,0.08394150630845637,2,1,4,4
demo-0303,Neon 303,Demo Artist 15,r&b,2018,joy_celebration,0.4559134553743215,0.594005818095997,joy_celebration,nostalgia_memory,none,none,A demo lyric about joy celebration.,dark,D,277,69,124.1579763773393,67.36771721659566,0.4559134553743215,0.6359900810563005,1994.9662144117588,4131.256014310079,0.4557574707390941,0.6506259745828509,0.11686210226385099,0.8682767512307894,0.5669489598908697,1.8632702548412414,0.9917315565673069,1.4112734824520146,2.952292491749911,2.3316182008033737,2.9300399462894697,2.130385494621573,2.1961435843407804,0.01886099977382205,1.4824750061334457,1.5750910681513917,3.023664820351975,0.014673462562919265,0.28097413359840023,0.036128675261102035,0.09470628476042386,0.04965749551889726,0.0074287691697441744,0.0036904125751905594,0.16510733681925066,0.03790895129504493,0.05660213258499495,0.1984453192953073,0.05467702655872466,6,2,5,2
demo-0304,Endless 304,Demo Artist 16,classical,2019,empowerment,0.42174620591194256,0.7966510856781528,empowerment,spirituality,none,none,A demo lyric about empowerment.,acoustic,D#,254,23,130.0316188587015,85.08400325346483,0.42174620591194256,0.8354959442358125,2573.259375314646,4582.885528171445,0.5496529587205251,0.9176091674196545,0.16488315085700883,0.7609058469517705,1.970977879386189,1.1212856305804224,1.9249906356283875,0.9825919562160599,3.1250078188995785,2.643687391033018,3.529562397547825,0.4707171970858106,4.001696946922073,0.5275245862065598,0.9016919249167943,1.4791784531369099,3.407720691969865,0.018470005510097302,0.03499465613898038,0.03590955617471662,0.07413835893934381,0.13639048760812936,0.016864907360819924,0.19443213737580134,0.08207908396278983,0.09466358708246597,0.1857865065464272,0.1108691806217404,0.01540153267868797,0,0,6,1
demo-0305,Midnight 305,Demo Artist 17,pop,2020,joy_celebration,0.5758071653931632,0.2541081992064012,joy_celebration,nostalgia_memory,none,none,A demo lyric about joy celebration.,punchy,E,238,64,69.93118200971955,21.761278821325657,0.5758071653931632,0.31410302071198476,739.4682088564223,2176.630963447685,0.12081056321103367,0.1392069812565288,0.09355376311495978,1.0,-1.8007430734248644,-1.2435805925398629,0.21677479669281008,1.769422906014603,0.20217249698807344,0.7021418523041564,-0.33760375067647724,-0.5106215889393767,0.08218435206775646,-0.6582893906261043,0.7242693387177451,-1.606271898945584,0.8899870325668338,0.018022294081971296,0.17143309882475996,0.17903301835363056,0.013379312329027915,0.06407817156882471,0.09196784594924926,0.007651577721282681,0.0017269756089341364,0.014940335999138214,0.003976454885758862,0.03301454384713959,0.4007763708302827,5,3,7,2
demo-0306,Golden 306,Demo Artist 18,rock,2021,empowerment,0.3929755316785305,0.3520388742856919,empowerment,spirituality,none,none,A demo lyric about empowerment.,warm,F,291,42,98.22774086900445,36.89538819079398,0.3929755316785305,0.28392087049071,1239.6502161706778,2312.1574805691125,0.5982171628657121,0.4043615098141385,0.09979269689885908,0.6782523147137894,-1.6704332038034175,-0.3151135089253357,0.8262186479523237,-0.7776281570995784,0.396948580923728,-1.1764297979108453,0.06611180789603599,-0.8470439041987308,0.2220194981055729,-0.20107946960753204,-0.8903661362375999,-0.3588734778889406,-0.6341568622419931,0.1403353110625238,0.01192386282417678,0.14371557701448612,0.04499655524344858,0.06369375791573656,0.04849570290313996,0.18658175198937493,0.03308924086221233,0.0381182471737481,0.18502188724174595,0.019410232175348523,0.08461787359405831,7,4,8,1
demo-0307,Electric 307,Demo Artist 19,hip-hop,2022,loss_longing,0.12460251384627484,0.39866640227400285,loss_longing,self_identity,none,none,A demo lyric about loss longing.,bright,F#,182,67,98.80541211121763,30.506072304307633,0.12460251384627484,0.38557722225480445,1336.9724783062982,2590.5006901362285,0.40875986379312523,0.26129540402109025,0.12451199301116347,0.8093197579715883,1.0626498962456343,0.10947749690732717,-0.33023007129457826,0.7827290855443076,-0.42958890300703445,1.678422526422588,0.4854776134108874,0.27386489029504396,1.0621756227502113,0.5236355005682837,-1.0580517168351964,-0.4614298993894336,1.657708703864615,0.0333858628263298,0.10670688252352692,0.07314679471505309,0.10249700726187805,0.033646126337395485,0.08496910730497903,0.01624549008492824,0.3233354541450188,0.017023248404610405,0.04389246059923924,0.11731338115185051,0.04783818464519041,3,1,9,3
demo-0308,Velvet 308,Demo Artist 20,electronic,2023,anxiety_darkness,0.9223482763285452,0.3200671741596659,anxiety_darkness,romance_new,none,none,A demo lyric about anxiety darkness.,dark,G,246,41,102.90227716601773,42.84770461360637,0.9223482763285452,0.4095107533439647,1613.7111662265904,3067.4997767906275,0.6042713641276947,0.33649727150675324,0.1366995218045775,0.7587893327306395,2.0497037829678217,0.8560192702290494,2.149229533720119,1.4076127650330519,0.7724915409518426,1.687669309614295,1.6940584645271217,1.3719100044912136,-1.3923013746251836,-0.08256049076439786,2.2841058465059234,-0.3559458554352659,1.7824611500658067,0.057777276666271804,0.049401762680940875,0.3150595953357928,0.14942523258065477,0.036378703299016706,0.1972934088836643,0.09245483446031802,0.026275274330172693,0.011724545915286417,0.015527891829802966,0.03772948854700683,0.010951985471071986,1,2,10,0
demo-0309,Northern 309,Demo Artist 21,jazz,2024,social,0.5521132871150575,0.5723387681851667,social,bittersweet,none,none,A demo lyric about social.,acoustic,G#,281,50,94.6074878411511,47.968517099476884,0.5521132871150575,0.3973507450485161,1606.075354176029,3256.8927741414545,0.19308845436478456,0.424709821662344,0.12161838876712294,0.753731871161543,2.8929100451277128,0.9331567279017261,1.0324251622557854,1.7092553637989423,0.9626819289334398,1.6001529638867082,1.4806148769517333,1.3225885655992433,3.9664660844189585,2.111125844044352,0.11827801529326942,1.5702221861891639,0.4082631933402797,0.15280437132980842,0.1889120425382305,0.03928496992457345,0.04022217929454263,0.1395026359503114,0.0091239707563812,0.0649954533669471,0.014759877703342724,0.03236788995925815,0.28610576630863754,0.016244582397243117,0.015676260470723888,4,0,11,4
demo-0310,Quiet 310,Demo Artist 22,folk,2025,joy_celebration,0.49064591665770735,0.769738581978206,joy_celebration,nostalgia_memory,none,none,A demo lyric about joy celebration.,punchy,A,267,50,115.60548696292776,64.2426117040427,0.49064591665770735,0.6387380726202316,1938.2632492855016,3652.338741906243,0.5566948363285282,0.640488366539311,0.18684499512948996,0.8788448550292377,0.9045177135569985,2.2290602191903757,1.80786583473098,2.809426301945513,0.9755457871709606,1.6886761483595243,1.4009063509075077,1.5584794230582995,0.6148010509960506,2.075911667913177,1.9179642758494968,2.785223616921795,1.4899741480132194,0.25986591503027534,0.006521544227709585,0.08419938365855052,0.10449940495564447,0.010512562083158815,0.011523949473027553,0.03769584796545769,0.05390730361323992,0.10515939353797761,0.09672501860448311,0.12132694903951574,0.10806272781095964,2,3,0,2
demo-0311,Neon 311,Demo Artist 23,r&b,1995,empowerment,0.2786221635742396,0.9302399942254873,empowerment,spirituality,none,none,A demo lyric about empowerment.,warm,A#,166,61,114.2471756572001,77.96101001082252,0.2786221635742396,0.593579670180218,2338.5340316598413,4448.497284919028,0.6514227580221378,0.845575532537582,0.18433230917597224,0.8556916152764067,2.129041787810926,2.3398631944766075,2.5360154431432944,1.0584019934736015,2.5319587293121097,3.2586168472970174,1.593627571670969,1.4867522146782028,2.276546309238666,1.1503424495918635,0.4831813833724936,2.947719040105178,1.349048739976567,0.013013782967860129,0.027130437616107155,0.183394223895449,0.1318030889467828,0.06287242560732073,0.11849651589685006,0.12275404610866568,0.16565047415520273,0.032632777006155904,0.004216910063234654,0.07982616639523063,0.05820915134114054,6,4,1,1
demo-0312,Endless 312,Demo Artist 24,classical,1996,loss_longing,0.40430806215802606,0.6288609495252878,loss_longing,self_identity,none,none,A demo lyric about loss longing.,bright,B,205,61,135.53172419828968,65.15696950705882,0.40430806215802606,0.6871367590079567,2370.9389753099354,4439.22154943822,0.36289428611399344,0.6734991663475701,0.1370155632348254,0.9752708442416614,2.892970884978393,2.7391223576533763,0.36335788756675824,1.3074713267069795,3.489345120805054,6.2512413970396015,3.2946924650570306,3.136943410250951,2.6249742281141883,1.2525028042898296,3.0951740832003303,0.998792662903071,0.8894148348601465,0.19267491920706162,0.05960774653844969,0.00038883001677709474,0.10797347187981061,0.10656354963788349,0.054327521180197146,0.015565870313801529,0.016165416693256374,0.03418874437269878,0.056914321024081733,0.2817758889160714,0.07385372021991073,0,1,2,3
demo-0313,Midnight 313,Demo Artist 1,pop,1997,empowerment,0.2465088701888088,0.40558598653617883,empowerment,spirituality,none,none,A demo lyric about empowerment.,dark,C,271,98,67.15389681857366,42.93165276760189,0.2465088701888088,0.33413102542360523,912.6626320803462,2396.7197604113635,0.544320026203611,0.4077517537798314,0.1013352824294577,0.8081369943953737,-0.09169518228282378,-1.3191114553240175,1.2430886075978922,1.0664335878643247,-1.0441890268698575,-0.30072563218375337,-0.22508566935421595,-1.1565188004995823,-1.8667962677622671,-0.6705926519123361,-0.35640234025119183,-1.441233333364019,0.17697776408547883,0.014677265977371389,0.0552061276100582,0.00835662086806078,0.04119066629396237,0.07209301611454222,0.3343859820987312,0.03412628128021579,0.16105492002300467,0.09569781965702723,0.059469375658307774,0.02774758015479625,0.09599434426392195,5,2,3,1
demo-0314,Golden 314,Demo Artist 2,rock,1998,loss_longing,0.10274910963210547,0.29965371755565046,loss_longing,self_identity,none,none,A demo lyric about loss longing.,acoustic,C#,277,51,73.03124264094555,41.32311082097649,0.10274910963210547,0.40165067346036204,1060.6287733648478,2407.1187808202917,0.386258539561549,0.4263872445387946,0.11085218447520072,0.8201957269862594,0.4801294438058115,0.22780446340329352,-0.7331305834580906,-0.4303801267312622,-0.0946749051389369,2.365195238088322,-1.0488363204168114,-0.11897650331689053,0.39826706011048874,-0.00333275327249255,1.3739695414377378,-0.008497930502866347,0.06545860084939059,0.14189299183061085,0.015194643892264038,0.016320375399857253,0.5619879882240664,0.05069248006329221,0.02957497127719616,0.014688197818600498,0.08039071424575488,0.02795610300607884,0.050199588729507014,0.0006679774761811286,0.010433968036590902,7,0,4,3
demo-0315,Electric 315,Demo Artist 3,hip-hop,1999,anxiety_darkness,0.6485430157423356,0.4309423974962949,anxiety_darkness,romance_new,none,none,A demo lyric about anxiety darkness.,punchy,D,294,43,93.29596154470096,47.74743450188735,0.6485430157423356,0.5703880019956237,1388.6288958798525,3100.7123730744106,0.5967818259655365,0.5337270195032543,0.15714254705886213,0.7268163167697745,-0.19710443413150336,1.2688109004773214,0.5963215459377542,0.8203538328069607,0.35133310789263933,0.003741282975282645,2.220764668775025,-0.4998611138199144,1.2863922592415442,1.12422828573045,-0.979013297570244,-0.23078032999359377,-0.06269056094986758,0.14148395615779616,0.1375644974761962,0.07788498699048499,0.27466964308600966,0.030954085833020773,0.009270769519328185,0.013815538963213948,0.0027779168812374698,0.04508783442433523,0.11625841083097983,0.03609627962554373,0.1141360802118537,3,3,5,0
demo-0316,Velvet 316,Demo Artist 4,electronic,2000,social,0.6175999076482395,0.3335719756531311,social,bittersweet,none,none,A demo lyric about social.,warm,D#,227,33,99.28353383765062,38.46195330670528,0.6175999076482395,0.27455766821551475,1492.1413821697563,3143.7478044370046,0.2961085180390981,0.46028046913952203,0.1181108325040537,0.7762515757535163,0.30778083608529727,0.8184338795694139,2.208144093506049,3.3730158039234746,1.6456392037006584,1.987993766971771,2.616427481477082,1.148871076766457,2.47025087361187,1.6924011323904031,1.0439873593115718,1.2503410344514678,-0.9214169633678244,0.028263538748058092,0.07941571056809053,0.05874637361373066,0.18263946616882812,0.10852508947661782,0.053771677011250706,0.013678861031508336,0.0282006002406525,0.08262659412099439,0.16185626358620875,0.13628306972082277,0.06599275571323744,1,4,6,4
demo-0317,Northern 317,Demo Artist 5,jazz,2001,joy_celebration,0.48573379545632106,0.53421080498797,joy_celebration,nostalgia_memory,none,none,A demo lyric about joy celebration.,bright,E,260,84,100.62165853660485,44.64272463263604,0.48573379545632106,0.4963553447540124,1621.3575923923418,3361.8456747130413,0.29013986889402066,0.4395184527059367,0.15266276796365688,0.7214947136198921,1.109393717338823,0.9795015923686432,2.255118731598219,0.5884081631955786,0.6247838923491484,0.35397887170763864,0.06249047992151224,1.72918499144697,1.0648892036695212,1.2548098598233017,2.4746411561953967,2.5320807259278713,-0.44623430783480345,0.20917926970343304,0.044371627472656994,0.1362667806375601,0.013797250625055166,0.1276979231878317,0.008568394376660116,0.18517866642997166,0.13287937768625677,0.011411510579336353,0.024819552816628055,0.004760804418668032,0.10106884206594191,4,1,7,2
demo-0318,Quiet 318,Demo Artist 6,folk,2002,empowerment,0.4121361786967822,0.593130528720707,empowerment,spirituality,none,none,A demo lyric about empowerment.,dark,F,179,30,112.55482493722906,49.098675354514896,0.4121361786967822,0.6347987681705435,1947.6433245005949,3605.2077410783863,0.4020983020119108,0.47616495320774743,0.15496373188953394,0.8009336717876469,1.7103693799871158,-0.024827983283921773,2.165217744084929,1.5034158840085123,4.052709054150154,1.112365629823587,1.8234584951093724,4.329219162208502,1.6940916295031787,1.4323694607239832,0.5130781052493486,3.028266367208985,0.3408984138234299,0.009508412883890826,0.06947185549887405,0.10318764055002211,0.33788832042618827,0.02740108271393184,0.1135947398700609,0.0701976858504722,0.013358322577264768,0.07947956925817483,0.00697945990894094,0.15724651272800033,0.01168639773417905,2,2,8,1
demo-0319,Neon 319,Demo Artist 7,r&b,2003,loss_longing,0.255628536078223,0.43835463292690546,loss_longing,self_identity,none,none,A demo lyric about loss longing.,acoustic,F#,307,44,122.12740040819823,44.640373394011576,0.255628536078223,0.5311973764847133,2183.060509759416,3874.4095527323243,0.4571240435665053,0.4542169555170263,0.1814807417597523,0.7180386840140286,3.2515873718459885,2.7468532535151473,1.3705902575094637,0.691250733597397,0.35618381776957864,2.0717538515331393,1.062715850459186,2.999356805281715,1.1204761701717294,0.8993290199480276,2.0336263512443136,1.1139531428405767,1.8085499933688032,0.044136809229640236,0.021658489312626525,0.15900665500760652,0.09490569146071332,0.1780961615348963,0.023744946768897972,0.09643734844568572,0.0036442962509702966,0.06693684906225351,0.07075340907384077,0.08378674184946822,0.15689260200340055,6,0,9,3
demo-0320,Endless 320,Demo Artist 8,classical,2004,anxiety_darkness,0.7751080455616516,0.8365994768831816,anxiety_darkness,romance_new,none,none,A demo lyric about anxiety darkness.,punchy,G,221,61,144.18041287153255,79.96588524893247,0.7751080455616516,0.8813890189780511,2474.8725905023207,4717.433396894525,0.2691178278711429,0.728589965325575,0.16356878866737576,0.8041230965258878,1.9017925819003343,0.45786475036704655,3.251591706323647,4.254198233356936,3.3809876791726228,3.1855232687864716,2.3261196051456032,1.257002629272863,2.172528052635968,4.205588036841504,1.748011887492944,1.6450427521760584,3.207303659103914,0.03409121079880363,0.03091246401362823,0.20226566157571751,0.10932430432066376,0.03757437277414589,0.014970074766662175,0.10695868270991254,0.16802073460977163,0.1107046261275153,0.11180667046417551,0.07094596575738425,0.002425232081619642,0,3,10,0
